[{"model": "admin.logentry", "pk": 1, "fields": {"action_time": "2023-06-17T05:41:57.211Z", "user": 1, "content_type": 6, "object_id": "1", "object_repr": "Shirts", "action_flag": 1, "change_message": "[{\"added\": {}}]"}}, {"model": "admin.logentry", "pk": 2, "fields": {"action_time": "2023-06-17T05:42:33.917Z", "user": 1, "content_type": 6, "object_id": "1", "object_repr": "Shirts", "action_flag": 3, "change_message": ""}}, {"model": "admin.logentry", "pk": 3, "fields": {"action_time": "2023-06-17T05:42:45.405Z", "user": 1, "content_type": 6, "object_id": "2", "object_repr": "T Shirt", "action_flag": 1, "change_message": "[{\"added\": {}}]"}}, {"model": "admin.logentry", "pk": 4, "fields": {"action_time": "2023-06-17T05:42:53.612Z", "user": 1, "content_type": 6, "object_id": "3", "object_repr": "Shoes", "action_flag": 1, "change_message": "[{\"added\": {}}]"}}, {"model": "admin.logentry", "pk": 5, "fields": {"action_time": "2023-06-17T05:43:01.605Z", "user": 1, "content_type": 6, "object_id": "4", "object_repr": "Jeans", "action_flag": 1, "change_message": "[{\"added\": {}}]"}}, {"model": "admin.logentry", "pk": 6, "fields": {"action_time": "2023-06-17T05:43:10.236Z", "user": 1, "content_type": 6, "object_id": "5", "object_repr": "Jackets", "action_flag": 1, "change_message": "[{\"added\": {}}]"}}, {"model": "admin.logentry", "pk": 7, "fields": {"action_time": "2023-06-17T05:43:21.565Z", "user": 1, "content_type": 6, "object_id": "6", "object_repr": "Trouser", "action_flag": 1, "change_message": "[{\"added\": {}}]"}}, {"model": "admin.logentry", "pk": 8, "fields": {"action_time": "2023-06-17T06:00:35.818Z", "user": 1, "content_type": 8, "object_id": "1", "object_repr": "T Shire", "action_flag": 1, "change_message": "[{\"added\": {}}]"}}, {"model": "admin.logentry", "pk": 9, "fields": {"action_time": "2023-06-17T06:00:52.433Z", "user": 1, "content_type": 8, "object_id": "2", "object_repr": "Shoes", "action_flag": 1, "change_message": "[{\"added\": {}}]"}}, {"model": "admin.logentry", "pk": 10, "fields": {"action_time": "2023-06-17T06:01:10.107Z", "user": 1, "content_type": 8, "object_id": "3", "object_repr": "ATX Jeans", "action_flag": 1, "change_message": "[{\"added\": {}}]"}}, {"model": "admin.logentry", "pk": 11, "fields": {"action_time": "2023-06-17T06:01:24.384Z", "user": 1, "content_type": 8, "object_id": "4", "object_repr": "jacket", "action_flag": 1, "change_message": "[{\"added\": {}}]"}}, {"model": "admin.logentry", "pk": 12, "fields": {"action_time": "2023-06-17T06:16:20.324Z", "user": 1, "content_type": 8, "object_id": "4", "object_repr": "jacket", "action_flag": 2, "change_message": "[{\"changed\": {\"fields\": [\"Image\"]}}]"}}, {"model": "admin.logentry", "pk": 13, "fields": {"action_time": "2023-06-17T06:16:29.652Z", "user": 1, "content_type": 8, "object_id": "3", "object_repr": "ATX Jeans", "action_flag": 2, "change_message": "[{\"changed\": {\"fields\": [\"Image\"]}}]"}}, {"model": "admin.logentry", "pk": 14, "fields": {"action_time": "2023-06-17T06:16:36.914Z", "user": 1, "content_type": 8, "object_id": "2", "object_repr": "Shoes", "action_flag": 2, "change_message": "[{\"changed\": {\"fields\": [\"Image\"]}}]"}}, {"model": "admin.logentry", "pk": 15, "fields": {"action_time": "2023-06-17T06:16:43.844Z", "user": 1, "content_type": 8, "object_id": "1", "object_repr": "T Shire", "action_flag": 2, "change_message": "[{\"changed\": {\"fields\": [\"Image\"]}}]"}}, {"model": "admin.logentry", "pk": 16, "fields": {"action_time": "2023-06-17T09:14:49.564Z", "user": 1, "content_type": 6, "object_id": "7", "object_repr": "Shirt", "action_flag": 1, "change_message": "[{\"added\": {}}]"}}, {"model": "admin.logentry", "pk": 17, "fields": {"action_time": "2023-06-18T03:40:44.537Z", "user": 1, "content_type": 8, "object_id": "4", "object_repr": "jacket", "action_flag": 2, "change_message": "[{\"changed\": {\"fields\": [\"Image\"]}}]"}}, {"model": "admin.logentry", "pk": 18, "fields": {"action_time": "2023-06-18T03:40:53.700Z", "user": 1, "content_type": 8, "object_id": "4", "object_repr": "jacket", "action_flag": 2, "change_message": "[{\"changed\": {\"fields\": [\"Image\"]}}]"}}, {"model": "admin.logentry", "pk": 19, "fields": {"action_time": "2023-06-18T03:41:11.407Z", "user": 1, "content_type": 8, "object_id": "3", "object_repr": "ATX Jeans", "action_flag": 2, "change_message": "[{\"changed\": {\"fields\": [\"Image\"]}}]"}}, {"model": "admin.logentry", "pk": 20, "fields": {"action_time": "2023-06-18T03:41:18.697Z", "user": 1, "content_type": 8, "object_id": "2", "object_repr": "Shoes", "action_flag": 2, "change_message": "[{\"changed\": {\"fields\": [\"Image\"]}}]"}}, {"model": "admin.logentry", "pk": 21, "fields": {"action_time": "2023-06-18T03:41:25.307Z", "user": 1, "content_type": 8, "object_id": "1", "object_repr": "T Shire", "action_flag": 2, "change_message": "[{\"changed\": {\"fields\": [\"Image\"]}}]"}}, {"model": "admin.logentry", "pk": 22, "fields": {"action_time": "2023-06-18T08:18:25.786Z", "user": 1, "content_type": 8, "object_id": "4", "object_repr": "jacket", "action_flag": 2, "change_message": "[{\"changed\": {\"fields\": [\"Description\"]}}]"}}, {"model": "admin.logentry", "pk": 23, "fields": {"action_time": "2023-06-18T08:18:29.598Z", "user": 1, "content_type": 8, "object_id": "3", "object_repr": "ATX Jeans", "action_flag": 2, "change_message": "[{\"changed\": {\"fields\": [\"Description\"]}}]"}}, {"model": "admin.logentry", "pk": 24, "fields": {"action_time": "2023-06-18T08:18:33.505Z", "user": 1, "content_type": 8, "object_id": "2", "object_repr": "Shoes", "action_flag": 2, "change_message": "[{\"changed\": {\"fields\": [\"Description\"]}}]"}}, {"model": "admin.logentry", "pk": 25, "fields": {"action_time": "2023-06-18T08:18:38.224Z", "user": 1, "content_type": 8, "object_id": "1", "object_repr": "T Shire", "action_flag": 2, "change_message": "[{\"changed\": {\"fields\": [\"Description\"]}}]"}}, {"model": "admin.logentry", "pk": 26, "fields": {"action_time": "2023-07-15T05:16:32.500Z", "user": 1, "content_type": 8, "object_id": "2", "object_repr": "Shoes", "action_flag": 2, "change_message": "[{\"changed\": {\"fields\": [\"Stock\"]}}]"}}, {"model": "admin.logentry", "pk": 27, "fields": {"action_time": "2023-07-16T05:33:31.510Z", "user": 1, "content_type": 11, "object_id": "1", "object_repr": "Variation object (1)", "action_flag": 1, "change_message": "[{\"added\": {}}]"}}, {"model": "admin.logentry", "pk": 28, "fields": {"action_time": "2023-07-16T05:33:42.626Z", "user": 1, "content_type": 11, "object_id": "2", "object_repr": "Variation object (2)", "action_flag": 1, "change_message": "[{\"added\": {}}]"}}, {"model": "admin.logentry", "pk": 29, "fields": {"action_time": "2023-07-16T05:33:52.374Z", "user": 1, "content_type": 11, "object_id": "3", "object_repr": "Variation object (3)", "action_flag": 1, "change_message": "[{\"added\": {}}]"}}, {"model": "admin.logentry", "pk": 30, "fields": {"action_time": "2023-07-16T05:34:03.640Z", "user": 1, "content_type": 11, "object_id": "4", "object_repr": "Variation object (4)", "action_flag": 1, "change_message": "[{\"added\": {}}]"}}, {"model": "admin.logentry", "pk": 31, "fields": {"action_time": "2023-07-16T05:34:14.886Z", "user": 1, "content_type": 11, "object_id": "5", "object_repr": "Variation object (5)", "action_flag": 1, "change_message": "[{\"added\": {}}]"}}, {"model": "admin.logentry", "pk": 32, "fields": {"action_time": "2023-07-16T05:34:25.376Z", "user": 1, "content_type": 11, "object_id": "6", "object_repr": "Variation object (6)", "action_flag": 1, "change_message": "[{\"added\": {}}]"}}, {"model": "admin.logentry", "pk": 33, "fields": {"action_time": "2023-07-21T15:14:06.608Z", "user": 1, "content_type": 8, "object_id": "4", "object_repr": "jacket", "action_flag": 2, "change_message": "[{\"changed\": {\"fields\": [\"Description\"]}}]"}}, {"model": "admin.logentry", "pk": 34, "fields": {"action_time": "2023-07-22T16:40:21.835Z", "user": 1, "content_type": 7, "object_id": "9", "object_repr": "umar_ali1122@gmail.com", "action_flag": 3, "change_message": ""}}, {"model": "admin.logentry", "pk": 35, "fields": {"action_time": "2023-07-22T16:40:21.843Z", "user": 1, "content_type": 7, "object_id": "8", "object_repr": "umarali1122@gmail.com", "action_flag": 3, "change_message": ""}}, {"model": "admin.logentry", "pk": 36, "fields": {"action_time": "2023-07-22T16:40:21.854Z", "user": 1, "content_type": 7, "object_id": "7", "object_repr": "shahadi@gmail.com", "action_flag": 3, "change_message": ""}}, {"model": "admin.logentry", "pk": 37, "fields": {"action_time": "2023-07-22T16:46:14.082Z", "user": 1, "content_type": 7, "object_id": "5", "object_repr": "obdmani709@gmail.com", "action_flag": 3, "change_message": ""}}, {"model": "admin.logentry", "pk": 38, "fields": {"action_time": "2023-07-22T16:48:20.239Z", "user": 1, "content_type": 7, "object_id": "10", "object_repr": "obdmani709@gmail.com", "action_flag": 3, "change_message": ""}}, {"model": "admin.logentry", "pk": 39, "fields": {"action_time": "2023-07-22T16:51:03.847Z", "user": 1, "content_type": 7, "object_id": "11", "object_repr": "obdmani709@gmail.com", "action_flag": 3, "change_message": ""}}, {"model": "admin.logentry", "pk": 40, "fields": {"action_time": "2023-07-22T18:13:41.208Z", "user": 1, "content_type": 7, "object_id": "12", "object_repr": "obdmani709@gmail.com", "action_flag": 3, "change_message": ""}}, {"model": "admin.logentry", "pk": 41, "fields": {"action_time": "2023-07-22T18:15:23.450Z", "user": 1, "content_type": 7, "object_id": "13", "object_repr": "obdmani709@gmail.com", "action_flag": 3, "change_message": ""}}, {"model": "admin.logentry", "pk": 42, "fields": {"action_time": "2023-08-18T18:34:44.787Z", "user": 1, "content_type": 9, "object_id": "39", "object_repr": "T Shire", "action_flag": 3, "change_message": ""}}, {"model": "admin.logentry", "pk": 43, "fields": {"action_time": "2023-08-18T18:34:44.795Z", "user": 1, "content_type": 9, "object_id": "38", "object_repr": "T Shire", "action_flag": 3, "change_message": ""}}, {"model": "admin.logentry", "pk": 44, "fields": {"action_time": "2023-08-18T18:34:44.803Z", "user": 1, "content_type": 9, "object_id": "37", "object_repr": "T Shire", "action_flag": 3, "change_message": ""}}, {"model": "admin.logentry", "pk": 45, "fields": {"action_time": "2023-08-18T18:34:44.811Z", "user": 1, "content_type": 9, "object_id": "36", "object_repr": "T Shire", "action_flag": 3, "change_message": ""}}, {"model": "admin.logentry", "pk": 46, "fields": {"action_time": "2023-08-18T18:34:44.821Z", "user": 1, "content_type": 9, "object_id": "35", "object_repr": "T Shire", "action_flag": 3, "change_message": ""}}, {"model": "admin.logentry", "pk": 47, "fields": {"action_time": "2023-08-18T18:34:44.828Z", "user": 1, "content_type": 9, "object_id": "34", "object_repr": "T Shire", "action_flag": 3, "change_message": ""}}, {"model": "admin.logentry", "pk": 48, "fields": {"action_time": "2023-08-18T18:34:44.834Z", "user": 1, "content_type": 9, "object_id": "30", "object_repr": "T Shire", "action_flag": 3, "change_message": ""}}, {"model": "admin.logentry", "pk": 49, "fields": {"action_time": "2023-08-18T18:37:28.734Z", "user": 1, "content_type": 9, "object_id": "40", "object_repr": "T Shire", "action_flag": 3, "change_message": ""}}, {"model": "admin.logentry", "pk": 50, "fields": {"action_time": "2023-08-18T18:51:50.529Z", "user": 1, "content_type": 9, "object_id": "42", "object_repr": "T Shire", "action_flag": 3, "change_message": ""}}, {"model": "admin.logentry", "pk": 51, "fields": {"action_time": "2023-08-18T18:51:50.538Z", "user": 1, "content_type": 9, "object_id": "41", "object_repr": "T Shire", "action_flag": 3, "change_message": ""}}, {"model": "admin.logentry", "pk": 52, "fields": {"action_time": "2023-08-19T07:51:28.937Z", "user": 1, "content_type": 9, "object_id": "44", "object_repr": "T Shire", "action_flag": 3, "change_message": ""}}, {"model": "admin.logentry", "pk": 53, "fields": {"action_time": "2023-08-19T07:51:28.943Z", "user": 1, "content_type": 9, "object_id": "43", "object_repr": "T Shire", "action_flag": 3, "change_message": ""}}, {"model": "admin.logentry", "pk": 54, "fields": {"action_time": "2023-08-19T08:04:56.411Z", "user": 1, "content_type": 9, "object_id": "47", "object_repr": "T Shire", "action_flag": 3, "change_message": ""}}, {"model": "admin.logentry", "pk": 55, "fields": {"action_time": "2023-08-19T08:04:56.416Z", "user": 1, "content_type": 9, "object_id": "46", "object_repr": "T Shire", "action_flag": 3, "change_message": ""}}, {"model": "admin.logentry", "pk": 56, "fields": {"action_time": "2023-08-19T08:04:56.421Z", "user": 1, "content_type": 9, "object_id": "45", "object_repr": "T Shire", "action_flag": 3, "change_message": ""}}, {"model": "admin.logentry", "pk": 57, "fields": {"action_time": "2023-08-19T08:05:08.218Z", "user": 1, "content_type": 10, "object_id": "17", "object_repr": "aix5grlka1s82c1ftyhjjrr9zn2uz1mm", "action_flag": 3, "change_message": ""}}, {"model": "admin.logentry", "pk": 58, "fields": {"action_time": "2023-08-19T08:05:08.223Z", "user": 1, "content_type": 10, "object_id": "16", "object_repr": "p6dphzmfx1kukrnpm92ue40fk90n82mu", "action_flag": 3, "change_message": ""}}, {"model": "admin.logentry", "pk": 59, "fields": {"action_time": "2023-08-19T08:05:08.229Z", "user": 1, "content_type": 10, "object_id": "15", "object_repr": "r4mk4qg6t8usbdu37iyiav3rbje6pxop", "action_flag": 3, "change_message": ""}}, {"model": "admin.logentry", "pk": 60, "fields": {"action_time": "2023-08-19T08:05:08.235Z", "user": 1, "content_type": 10, "object_id": "14", "object_repr": "i37t6dmm8e5kdilynb19zs1fyd8yuv2u", "action_flag": 3, "change_message": ""}}, {"model": "admin.logentry", "pk": 61, "fields": {"action_time": "2023-08-19T08:05:08.241Z", "user": 1, "content_type": 10, "object_id": "13", "object_repr": "nuwwtta4vcp5hs87kavufspzahjkfwde", "action_flag": 3, "change_message": ""}}, {"model": "admin.logentry", "pk": 62, "fields": {"action_time": "2023-08-19T08:05:08.247Z", "user": 1, "content_type": 10, "object_id": "12", "object_repr": "hijmmhdstpwjh8rg80jycty683u88xkm", "action_flag": 3, "change_message": ""}}, {"model": "admin.logentry", "pk": 63, "fields": {"action_time": "2023-08-19T08:05:08.253Z", "user": 1, "content_type": 10, "object_id": "11", "object_repr": "byx0auva0f24cf6fxu225fbl5g375yum", "action_flag": 3, "change_message": ""}}, {"model": "admin.logentry", "pk": 64, "fields": {"action_time": "2023-08-19T08:05:08.258Z", "user": 1, "content_type": 10, "object_id": "10", "object_repr": "s8jffyk4i3covni0va5h0k4el7e1y80x", "action_flag": 3, "change_message": ""}}, {"model": "admin.logentry", "pk": 65, "fields": {"action_time": "2023-08-19T08:05:08.264Z", "user": 1, "content_type": 10, "object_id": "9", "object_repr": "znnayhxohjeyc4qc6zuuew40exo34afq", "action_flag": 3, "change_message": ""}}, {"model": "admin.logentry", "pk": 66, "fields": {"action_time": "2023-08-19T08:05:08.269Z", "user": 1, "content_type": 10, "object_id": "8", "object_repr": "gbgj2wrqe8obmeytj14q5njtyt2tjsyi", "action_flag": 3, "change_message": ""}}, {"model": "admin.logentry", "pk": 67, "fields": {"action_time": "2023-08-19T08:05:08.275Z", "user": 1, "content_type": 10, "object_id": "7", "object_repr": "hyr9it18fgb3k8az3t36oj2pkp3y8r4y", "action_flag": 3, "change_message": ""}}, {"model": "admin.logentry", "pk": 68, "fields": {"action_time": "2023-08-19T08:05:08.281Z", "user": 1, "content_type": 10, "object_id": "6", "object_repr": "xxj1mwf2w87f3doye3fgt93ia2ntbfsn", "action_flag": 3, "change_message": ""}}, {"model": "admin.logentry", "pk": 69, "fields": {"action_time": "2023-08-19T08:05:08.286Z", "user": 1, "content_type": 10, "object_id": "5", "object_repr": "plfqfmjtpmdb7vl90qs393et6v1m5frl", "action_flag": 3, "change_message": ""}}, {"model": "admin.logentry", "pk": 70, "fields": {"action_time": "2023-08-19T08:05:08.291Z", "user": 1, "content_type": 10, "object_id": "4", "object_repr": "47i5r0d859tr84j005qg59r0jsln9q8r", "action_flag": 3, "change_message": ""}}, {"model": "admin.logentry", "pk": 71, "fields": {"action_time": "2023-08-19T08:05:08.295Z", "user": 1, "content_type": 10, "object_id": "3", "object_repr": "h56mm7v08vjnv7xmhfgo2n7ye0kv88st", "action_flag": 3, "change_message": ""}}, {"model": "admin.logentry", "pk": 72, "fields": {"action_time": "2023-08-19T08:05:08.300Z", "user": 1, "content_type": 10, "object_id": "2", "object_repr": "", "action_flag": 3, "change_message": ""}}, {"model": "admin.logentry", "pk": 73, "fields": {"action_time": "2023-08-19T08:05:08.305Z", "user": 1, "content_type": 10, "object_id": "1", "object_repr": "5gqvps86y8zhibbhtdi94a0k11dffnmv", "action_flag": 3, "change_message": ""}}, {"model": "admin.logentry", "pk": 74, "fields": {"action_time": "2023-08-19T08:27:07.700Z", "user": 1, "content_type": 10, "object_id": "19", "object_repr": "d3yo4wr7ici2w295c41idu3vhldltisn", "action_flag": 3, "change_message": ""}}, {"model": "admin.logentry", "pk": 75, "fields": {"action_time": "2023-08-19T08:27:07.707Z", "user": 1, "content_type": 10, "object_id": "18", "object_repr": "db327zy54otfc3v8g21ycelam4zjz64e", "action_flag": 3, "change_message": ""}}, {"model": "admin.logentry", "pk": 76, "fields": {"action_time": "2023-08-19T08:42:24.431Z", "user": 1, "content_type": 9, "object_id": "51", "object_repr": "T Shire", "action_flag": 3, "change_message": ""}}, {"model": "admin.logentry", "pk": 77, "fields": {"action_time": "2023-08-19T08:42:24.438Z", "user": 1, "content_type": 9, "object_id": "50", "object_repr": "T Shire", "action_flag": 3, "change_message": ""}}, {"model": "admin.logentry", "pk": 78, "fields": {"action_time": "2023-08-19T08:42:31.046Z", "user": 1, "content_type": 10, "object_id": "22", "object_repr": "85qb3c96kl8lqv5git3we2pgi1ea8qu0", "action_flag": 3, "change_message": ""}}, {"model": "admin.logentry", "pk": 79, "fields": {"action_time": "2023-08-19T08:42:31.052Z", "user": 1, "content_type": 10, "object_id": "21", "object_repr": "4r7035ck5f5vy0e3hz26tvgbay469b8k", "action_flag": 3, "change_message": ""}}, {"model": "admin.logentry", "pk": 80, "fields": {"action_time": "2023-08-19T08:42:31.058Z", "user": 1, "content_type": 10, "object_id": "20", "object_repr": "vv2s6452ng290gn60iqy7bsypel461vo", "action_flag": 3, "change_message": ""}}, {"model": "admin.logentry", "pk": 81, "fields": {"action_time": "2023-08-19T09:00:48.754Z", "user": 1, "content_type": 9, "object_id": "53", "object_repr": "T Shire", "action_flag": 3, "change_message": ""}}, {"model": "admin.logentry", "pk": 82, "fields": {"action_time": "2023-08-19T09:00:48.760Z", "user": 1, "content_type": 9, "object_id": "52", "object_repr": "T Shire", "action_flag": 3, "change_message": ""}}, {"model": "admin.logentry", "pk": 83, "fields": {"action_time": "2023-08-19T09:19:04.211Z", "user": 1, "content_type": 9, "object_id": "55", "object_repr": "T Shire", "action_flag": 3, "change_message": ""}}, {"model": "admin.logentry", "pk": 84, "fields": {"action_time": "2023-08-19T09:19:04.218Z", "user": 1, "content_type": 9, "object_id": "54", "object_repr": "T Shire", "action_flag": 3, "change_message": ""}}, {"model": "admin.logentry", "pk": 85, "fields": {"action_time": "2023-08-19T09:19:09.632Z", "user": 1, "content_type": 10, "object_id": "26", "object_repr": "kj2l05mkc4i25w68sm9to9uvpc7tf90u", "action_flag": 3, "change_message": ""}}, {"model": "admin.logentry", "pk": 86, "fields": {"action_time": "2023-08-19T09:19:09.637Z", "user": 1, "content_type": 10, "object_id": "25", "object_repr": "bgx2swhkgc1re486tmgrga9cvs4s2bmc", "action_flag": 3, "change_message": ""}}, {"model": "admin.logentry", "pk": 87, "fields": {"action_time": "2023-08-19T09:19:09.642Z", "user": 1, "content_type": 10, "object_id": "24", "object_repr": "cg87ngem8b4c68gt27y2ar8t4tfl3hjk", "action_flag": 3, "change_message": ""}}, {"model": "admin.logentry", "pk": 88, "fields": {"action_time": "2023-08-19T09:19:09.646Z", "user": 1, "content_type": 10, "object_id": "23", "object_repr": "ynbzq5zzxgfjrdip4bj3d701h2j1dqu6", "action_flag": 3, "change_message": ""}}, {"model": "admin.logentry", "pk": 89, "fields": {"action_time": "2023-08-19T17:25:28.761Z", "user": 1, "content_type": 9, "object_id": "59", "object_repr": "T Shire", "action_flag": 3, "change_message": ""}}, {"model": "admin.logentry", "pk": 90, "fields": {"action_time": "2023-08-19T17:25:28.767Z", "user": 1, "content_type": 9, "object_id": "58", "object_repr": "T Shire", "action_flag": 3, "change_message": ""}}, {"model": "admin.logentry", "pk": 91, "fields": {"action_time": "2023-08-19T17:25:28.772Z", "user": 1, "content_type": 9, "object_id": "57", "object_repr": "T Shire", "action_flag": 3, "change_message": ""}}, {"model": "admin.logentry", "pk": 92, "fields": {"action_time": "2023-08-19T17:25:28.776Z", "user": 1, "content_type": 9, "object_id": "56", "object_repr": "T Shire", "action_flag": 3, "change_message": ""}}, {"model": "admin.logentry", "pk": 93, "fields": {"action_time": "2023-08-19T17:25:37.341Z", "user": 1, "content_type": 10, "object_id": "31", "object_repr": "yz9vbejdycgujfwxsexf0fgsnytd2yv0", "action_flag": 3, "change_message": ""}}, {"model": "admin.logentry", "pk": 94, "fields": {"action_time": "2023-08-19T17:25:37.346Z", "user": 1, "content_type": 10, "object_id": "30", "object_repr": "4b58caavdnxtpjdd09isnjdr7w0fcadz", "action_flag": 3, "change_message": ""}}, {"model": "admin.logentry", "pk": 95, "fields": {"action_time": "2023-08-19T17:25:37.351Z", "user": 1, "content_type": 10, "object_id": "29", "object_repr": "ytvbsss769kft9h34j4rhv5ijoj1vof6", "action_flag": 3, "change_message": ""}}, {"model": "admin.logentry", "pk": 96, "fields": {"action_time": "2023-08-19T17:25:37.356Z", "user": 1, "content_type": 10, "object_id": "28", "object_repr": "r99f4yclqyx1h668ywseqa2glrbnt5lh", "action_flag": 3, "change_message": ""}}, {"model": "admin.logentry", "pk": 97, "fields": {"action_time": "2023-08-19T17:25:37.360Z", "user": 1, "content_type": 10, "object_id": "27", "object_repr": "2e7yzep3ktrjwj5vhdwtrjdbw1iswftu", "action_flag": 3, "change_message": ""}}, {"model": "admin.logentry", "pk": 98, "fields": {"action_time": "2023-08-19T18:39:22.309Z", "user": 1, "content_type": 11, "object_id": "7", "object_repr": "Red", "action_flag": 1, "change_message": "[{\"added\": {}}]"}}, {"model": "admin.logentry", "pk": 99, "fields": {"action_time": "2023-08-19T18:39:32.131Z", "user": 1, "content_type": 11, "object_id": "8", "object_repr": "Small", "action_flag": 1, "change_message": "[{\"added\": {}}]"}}, {"model": "admin.logentry", "pk": 100, "fields": {"action_time": "2023-08-19T18:39:50.832Z", "user": 1, "content_type": 11, "object_id": "9", "object_repr": "Red", "action_flag": 1, "change_message": "[{\"added\": {}}]"}}, {"model": "admin.logentry", "pk": 101, "fields": {"action_time": "2023-08-19T18:39:58.045Z", "user": 1, "content_type": 11, "object_id": "10", "object_repr": "Small", "action_flag": 1, "change_message": "[{\"added\": {}}]"}}, {"model": "admin.logentry", "pk": 102, "fields": {"action_time": "2023-08-20T06:41:22.857Z", "user": 1, "content_type": 10, "object_id": "39", "object_repr": "otfa1ibd50pwla4jwjkyo21irv4bwy15", "action_flag": 3, "change_message": ""}}, {"model": "admin.logentry", "pk": 103, "fields": {"action_time": "2023-08-20T06:41:22.868Z", "user": 1, "content_type": 10, "object_id": "38", "object_repr": "qrek6r3riuhcflxvwmveg21ma8y741b7", "action_flag": 3, "change_message": ""}}, {"model": "admin.logentry", "pk": 104, "fields": {"action_time": "2023-08-20T06:41:22.874Z", "user": 1, "content_type": 10, "object_id": "37", "object_repr": "jt6rrlpe5o0fy5aqjctla4y192j5ts02", "action_flag": 3, "change_message": ""}}, {"model": "admin.logentry", "pk": 105, "fields": {"action_time": "2023-08-20T06:41:22.880Z", "user": 1, "content_type": 10, "object_id": "36", "object_repr": "0gilubep9jaxy4cyhn9jasy8of2ms9py", "action_flag": 3, "change_message": ""}}, {"model": "admin.logentry", "pk": 106, "fields": {"action_time": "2023-08-20T06:41:22.886Z", "user": 1, "content_type": 10, "object_id": "35", "object_repr": "fex2ct92xkhho2x9mhbi6vtn3f88ffjy", "action_flag": 3, "change_message": ""}}, {"model": "admin.logentry", "pk": 107, "fields": {"action_time": "2023-08-20T06:41:22.893Z", "user": 1, "content_type": 10, "object_id": "34", "object_repr": "diaiataend15xtoygspveiav6bqgwr24", "action_flag": 3, "change_message": ""}}, {"model": "admin.logentry", "pk": 108, "fields": {"action_time": "2023-08-20T06:41:22.900Z", "user": 1, "content_type": 10, "object_id": "33", "object_repr": "fowjn8fk7iq74s1yw8d7hlcdwuwo7vpt", "action_flag": 3, "change_message": ""}}, {"model": "admin.logentry", "pk": 109, "fields": {"action_time": "2023-08-20T06:41:22.907Z", "user": 1, "content_type": 10, "object_id": "32", "object_repr": "rxg3vqyzljddwfhddrkn7138z7vtrtip", "action_flag": 3, "change_message": ""}}, {"model": "admin.logentry", "pk": 110, "fields": {"action_time": "2023-08-20T06:41:30.081Z", "user": 1, "content_type": 9, "object_id": "68", "object_repr": "T Shire", "action_flag": 3, "change_message": ""}}, {"model": "admin.logentry", "pk": 111, "fields": {"action_time": "2023-08-20T06:41:30.086Z", "user": 1, "content_type": 9, "object_id": "67", "object_repr": "ATX Jeans", "action_flag": 3, "change_message": ""}}, {"model": "admin.logentry", "pk": 112, "fields": {"action_time": "2023-08-26T08:02:41.182Z", "user": 1, "content_type": 13, "object_id": "1", "object_repr": "hoorian", "action_flag": 1, "change_message": "[{\"added\": {}}]"}}, {"model": "admin.logentry", "pk": 113, "fields": {"action_time": "2023-08-26T08:02:56.937Z", "user": 1, "content_type": 13, "object_id": "1", "object_repr": "hoorian", "action_flag": 3, "change_message": ""}}, {"model": "admin.logentry", "pk": 114, "fields": {"action_time": "2023-08-27T06:55:50.202Z", "user": 1, "content_type": 13, "object_id": "2", "object_repr": "hoorian", "action_flag": 1, "change_message": "[{\"added\": {}}]"}}, {"model": "admin.logentry", "pk": 115, "fields": {"action_time": "2023-08-28T17:55:01.678Z", "user": 1, "content_type": 13, "object_id": "2", "object_repr": "hoorian", "action_flag": 3, "change_message": ""}}, {"model": "admin.logentry", "pk": 116, "fields": {"action_time": "2023-08-28T18:38:01.395Z", "user": 1, "content_type": 13, "object_id": "4", "object_repr": "zyva", "action_flag": 3, "change_message": ""}}, {"model": "admin.logentry", "pk": 117, "fields": {"action_time": "2023-08-28T18:38:01.404Z", "user": 1, "content_type": 13, "object_id": "3", "object_repr": "zyva", "action_flag": 3, "change_message": ""}}, {"model": "admin.logentry", "pk": 118, "fields": {"action_time": "2023-09-03T14:17:43.274Z", "user": 1, "content_type": 13, "object_id": "6", "object_repr": "zyva", "action_flag": 3, "change_message": ""}}, {"model": "admin.logentry", "pk": 119, "fields": {"action_time": "2023-09-03T14:17:43.284Z", "user": 1, "content_type": 13, "object_id": "5", "object_repr": "zyva", "action_flag": 3, "change_message": ""}}, {"model": "admin.logentry", "pk": 120, "fields": {"action_time": "2023-09-17T16:07:05.300Z", "user": 1, "content_type": 13, "object_id": "11", "object_repr": "zyva", "action_flag": 3, "change_message": ""}}, {"model": "admin.logentry", "pk": 121, "fields": {"action_time": "2023-09-17T16:07:05.306Z", "user": 1, "content_type": 13, "object_id": "10", "object_repr": "zyva", "action_flag": 3, "change_message": ""}}, {"model": "admin.logentry", "pk": 122, "fields": {"action_time": "2023-09-17T16:07:05.313Z", "user": 1, "content_type": 13, "object_id": "9", "object_repr": "zyva", "action_flag": 3, "change_message": ""}}, {"model": "admin.logentry", "pk": 123, "fields": {"action_time": "2023-09-17T16:07:05.318Z", "user": 1, "content_type": 13, "object_id": "8", "object_repr": "zyva", "action_flag": 3, "change_message": ""}}, {"model": "admin.logentry", "pk": 124, "fields": {"action_time": "2023-09-17T16:07:05.325Z", "user": 1, "content_type": 13, "object_id": "7", "object_repr": "zyva", "action_flag": 3, "change_message": ""}}, {"model": "admin.logentry", "pk": 125, "fields": {"action_time": "2023-09-17T16:22:00.538Z", "user": 1, "content_type": 13, "object_id": "16", "object_repr": "zyva", "action_flag": 3, "change_message": ""}}, {"model": "admin.logentry", "pk": 126, "fields": {"action_time": "2023-09-17T16:22:00.546Z", "user": 1, "content_type": 13, "object_id": "15", "object_repr": "zyva", "action_flag": 3, "change_message": ""}}, {"model": "admin.logentry", "pk": 127, "fields": {"action_time": "2023-09-17T16:22:00.553Z", "user": 1, "content_type": 13, "object_id": "14", "object_repr": "zyva", "action_flag": 3, "change_message": ""}}, {"model": "admin.logentry", "pk": 128, "fields": {"action_time": "2023-09-17T16:22:00.558Z", "user": 1, "content_type": 13, "object_id": "13", "object_repr": "zyva", "action_flag": 3, "change_message": ""}}, {"model": "admin.logentry", "pk": 129, "fields": {"action_time": "2023-09-17T16:22:00.563Z", "user": 1, "content_type": 13, "object_id": "12", "object_repr": "zyva", "action_flag": 3, "change_message": ""}}, {"model": "admin.logentry", "pk": 130, "fields": {"action_time": "2023-09-23T08:28:20.110Z", "user": 1, "content_type": 13, "object_id": "36", "object_repr": "zyva", "action_flag": 3, "change_message": ""}}, {"model": "admin.logentry", "pk": 131, "fields": {"action_time": "2023-09-23T08:28:20.128Z", "user": 1, "content_type": 13, "object_id": "35", "object_repr": "zyva", "action_flag": 3, "change_message": ""}}, {"model": "admin.logentry", "pk": 132, "fields": {"action_time": "2023-09-23T08:28:20.135Z", "user": 1, "content_type": 13, "object_id": "34", "object_repr": "zyva", "action_flag": 3, "change_message": ""}}, {"model": "admin.logentry", "pk": 133, "fields": {"action_time": "2023-09-23T08:28:20.144Z", "user": 1, "content_type": 13, "object_id": "33", "object_repr": "zyva", "action_flag": 3, "change_message": ""}}, {"model": "admin.logentry", "pk": 134, "fields": {"action_time": "2023-09-23T08:28:20.151Z", "user": 1, "content_type": 13, "object_id": "32", "object_repr": "zyva", "action_flag": 3, "change_message": ""}}, {"model": "admin.logentry", "pk": 135, "fields": {"action_time": "2023-09-23T08:28:20.156Z", "user": 1, "content_type": 13, "object_id": "31", "object_repr": "zyva", "action_flag": 3, "change_message": ""}}, {"model": "admin.logentry", "pk": 136, "fields": {"action_time": "2023-09-23T08:28:20.162Z", "user": 1, "content_type": 13, "object_id": "30", "object_repr": "zyva", "action_flag": 3, "change_message": ""}}, {"model": "admin.logentry", "pk": 137, "fields": {"action_time": "2023-09-23T08:28:20.168Z", "user": 1, "content_type": 13, "object_id": "29", "object_repr": "zyva", "action_flag": 3, "change_message": ""}}, {"model": "admin.logentry", "pk": 138, "fields": {"action_time": "2023-09-23T08:28:20.173Z", "user": 1, "content_type": 13, "object_id": "28", "object_repr": "zyva", "action_flag": 3, "change_message": ""}}, {"model": "admin.logentry", "pk": 139, "fields": {"action_time": "2023-09-23T08:28:20.179Z", "user": 1, "content_type": 13, "object_id": "27", "object_repr": "zyva", "action_flag": 3, "change_message": ""}}, {"model": "admin.logentry", "pk": 140, "fields": {"action_time": "2023-09-23T08:28:20.184Z", "user": 1, "content_type": 13, "object_id": "26", "object_repr": "zyva", "action_flag": 3, "change_message": ""}}, {"model": "admin.logentry", "pk": 141, "fields": {"action_time": "2023-09-23T08:28:20.191Z", "user": 1, "content_type": 13, "object_id": "25", "object_repr": "zyva", "action_flag": 3, "change_message": ""}}, {"model": "admin.logentry", "pk": 142, "fields": {"action_time": "2023-09-23T08:28:20.198Z", "user": 1, "content_type": 13, "object_id": "24", "object_repr": "zyva", "action_flag": 3, "change_message": ""}}, {"model": "admin.logentry", "pk": 143, "fields": {"action_time": "2023-09-23T08:28:20.204Z", "user": 1, "content_type": 13, "object_id": "23", "object_repr": "zyva", "action_flag": 3, "change_message": ""}}, {"model": "admin.logentry", "pk": 144, "fields": {"action_time": "2023-09-23T08:28:20.211Z", "user": 1, "content_type": 13, "object_id": "22", "object_repr": "zyva", "action_flag": 3, "change_message": ""}}, {"model": "admin.logentry", "pk": 145, "fields": {"action_time": "2023-09-23T08:28:20.215Z", "user": 1, "content_type": 13, "object_id": "21", "object_repr": "zyva", "action_flag": 3, "change_message": ""}}, {"model": "admin.logentry", "pk": 146, "fields": {"action_time": "2023-09-23T08:28:20.219Z", "user": 1, "content_type": 13, "object_id": "20", "object_repr": "zyva", "action_flag": 3, "change_message": ""}}, {"model": "admin.logentry", "pk": 147, "fields": {"action_time": "2023-09-23T08:28:20.226Z", "user": 1, "content_type": 13, "object_id": "19", "object_repr": "zyva", "action_flag": 3, "change_message": ""}}, {"model": "admin.logentry", "pk": 148, "fields": {"action_time": "2023-09-23T08:28:20.232Z", "user": 1, "content_type": 13, "object_id": "18", "object_repr": "zyva", "action_flag": 3, "change_message": ""}}, {"model": "admin.logentry", "pk": 149, "fields": {"action_time": "2023-09-23T08:28:20.237Z", "user": 1, "content_type": 13, "object_id": "17", "object_repr": "zyva", "action_flag": 3, "change_message": ""}}, {"model": "admin.logentry", "pk": 150, "fields": {"action_time": "2023-09-23T16:26:40.956Z", "user": 1, "content_type": 13, "object_id": "45", "object_repr": "zyva", "action_flag": 3, "change_message": ""}}, {"model": "admin.logentry", "pk": 151, "fields": {"action_time": "2023-09-23T16:26:40.962Z", "user": 1, "content_type": 13, "object_id": "44", "object_repr": "zyva", "action_flag": 3, "change_message": ""}}, {"model": "admin.logentry", "pk": 152, "fields": {"action_time": "2023-09-23T16:26:40.969Z", "user": 1, "content_type": 13, "object_id": "43", "object_repr": "zyva", "action_flag": 3, "change_message": ""}}, {"model": "admin.logentry", "pk": 153, "fields": {"action_time": "2023-09-23T16:26:40.975Z", "user": 1, "content_type": 13, "object_id": "42", "object_repr": "zyva", "action_flag": 3, "change_message": ""}}, {"model": "admin.logentry", "pk": 154, "fields": {"action_time": "2023-09-23T16:26:40.982Z", "user": 1, "content_type": 13, "object_id": "41", "object_repr": "zyva", "action_flag": 3, "change_message": ""}}, {"model": "admin.logentry", "pk": 155, "fields": {"action_time": "2023-09-23T16:26:40.989Z", "user": 1, "content_type": 13, "object_id": "40", "object_repr": "zyva", "action_flag": 3, "change_message": ""}}, {"model": "admin.logentry", "pk": 156, "fields": {"action_time": "2023-09-23T16:26:40.997Z", "user": 1, "content_type": 13, "object_id": "39", "object_repr": "zyva", "action_flag": 3, "change_message": ""}}, {"model": "admin.logentry", "pk": 157, "fields": {"action_time": "2023-09-23T16:26:41.005Z", "user": 1, "content_type": 13, "object_id": "38", "object_repr": "zyva", "action_flag": 3, "change_message": ""}}, {"model": "admin.logentry", "pk": 158, "fields": {"action_time": "2023-09-23T16:26:41.013Z", "user": 1, "content_type": 13, "object_id": "37", "object_repr": "zyva", "action_flag": 3, "change_message": ""}}, {"model": "admin.logentry", "pk": 159, "fields": {"action_time": "2023-09-24T04:19:37.704Z", "user": 1, "content_type": 10, "object_id": "58", "object_repr": "h9kd2lqas9wnpv6qx8oiygq6v0zqcffg", "action_flag": 3, "change_message": ""}}, {"model": "admin.logentry", "pk": 160, "fields": {"action_time": "2023-09-24T04:19:37.710Z", "user": 1, "content_type": 10, "object_id": "57", "object_repr": "ucy2u9zfeuwnit1p38363psdat5x2x5b", "action_flag": 3, "change_message": ""}}, {"model": "admin.logentry", "pk": 161, "fields": {"action_time": "2023-09-24T04:19:37.716Z", "user": 1, "content_type": 10, "object_id": "56", "object_repr": "6vgdkdjwjvsjamwl8gbq9zfpqj3an7hb", "action_flag": 3, "change_message": ""}}, {"model": "admin.logentry", "pk": 162, "fields": {"action_time": "2023-09-24T04:19:37.723Z", "user": 1, "content_type": 10, "object_id": "55", "object_repr": "69pvchyznut6dej0zvhx4p0mx9hvn220", "action_flag": 3, "change_message": ""}}, {"model": "admin.logentry", "pk": 163, "fields": {"action_time": "2023-09-24T04:19:37.730Z", "user": 1, "content_type": 10, "object_id": "54", "object_repr": "9wf1vf5kgu19f0evgdzg37djhg3wz1h7", "action_flag": 3, "change_message": ""}}, {"model": "admin.logentry", "pk": 164, "fields": {"action_time": "2023-09-24T04:19:37.737Z", "user": 1, "content_type": 10, "object_id": "53", "object_repr": "tra9341nxq7brtry3uptps0lcdfdhizx", "action_flag": 3, "change_message": ""}}, {"model": "admin.logentry", "pk": 165, "fields": {"action_time": "2023-09-24T04:19:37.743Z", "user": 1, "content_type": 10, "object_id": "52", "object_repr": "nbso4uftsb1pbskuh9583jhmvnbbgu6k", "action_flag": 3, "change_message": ""}}, {"model": "admin.logentry", "pk": 166, "fields": {"action_time": "2023-09-24T04:19:37.751Z", "user": 1, "content_type": 10, "object_id": "51", "object_repr": "ra4acatlvmu054njspf1d9mrpmzltax9", "action_flag": 3, "change_message": ""}}, {"model": "admin.logentry", "pk": 167, "fields": {"action_time": "2023-09-24T04:19:37.759Z", "user": 1, "content_type": 10, "object_id": "50", "object_repr": "pgs8j5n2h4wsk4yqgdm1iug8yp1leue5", "action_flag": 3, "change_message": ""}}, {"model": "admin.logentry", "pk": 168, "fields": {"action_time": "2023-09-24T04:19:37.766Z", "user": 1, "content_type": 10, "object_id": "49", "object_repr": "rllceu4xnl9tlmzqpoaek1n49dothp2i", "action_flag": 3, "change_message": ""}}, {"model": "admin.logentry", "pk": 169, "fields": {"action_time": "2023-09-24T04:19:37.774Z", "user": 1, "content_type": 10, "object_id": "48", "object_repr": "kelzchd4payopksjm99qksnzm6f6i4kp", "action_flag": 3, "change_message": ""}}, {"model": "admin.logentry", "pk": 170, "fields": {"action_time": "2023-09-24T04:19:37.779Z", "user": 1, "content_type": 10, "object_id": "47", "object_repr": "1qpdtj5y6rf83sdyz56vafbav1m7t5ju", "action_flag": 3, "change_message": ""}}, {"model": "admin.logentry", "pk": 171, "fields": {"action_time": "2023-09-24T04:19:37.784Z", "user": 1, "content_type": 10, "object_id": "46", "object_repr": "kiiwwei8q7r6j76cmh7nwf5rp0bkmetk", "action_flag": 3, "change_message": ""}}, {"model": "admin.logentry", "pk": 172, "fields": {"action_time": "2023-09-24T04:19:37.795Z", "user": 1, "content_type": 10, "object_id": "45", "object_repr": "7f9kx616lh2mtgukaoq5ey8kwtbj2orq", "action_flag": 3, "change_message": ""}}, {"model": "admin.logentry", "pk": 173, "fields": {"action_time": "2023-09-24T04:19:37.801Z", "user": 1, "content_type": 10, "object_id": "44", "object_repr": "monghlcqri9qjr9b61txbe64btmswuti", "action_flag": 3, "change_message": ""}}, {"model": "admin.logentry", "pk": 174, "fields": {"action_time": "2023-09-24T04:19:37.808Z", "user": 1, "content_type": 10, "object_id": "43", "object_repr": "ek67538n4dkxodcomaj8r5f7l2906mtd", "action_flag": 3, "change_message": ""}}, {"model": "admin.logentry", "pk": 175, "fields": {"action_time": "2023-09-24T04:19:37.814Z", "user": 1, "content_type": 10, "object_id": "42", "object_repr": "lpdpcuox0tqz07mlprjpaknsvxxiwjx3", "action_flag": 3, "change_message": ""}}, {"model": "admin.logentry", "pk": 176, "fields": {"action_time": "2023-09-24T04:19:37.823Z", "user": 1, "content_type": 10, "object_id": "41", "object_repr": "6t3z6py7ldp1oii3nmmcfn7xiy6f0w13", "action_flag": 3, "change_message": ""}}, {"model": "admin.logentry", "pk": 177, "fields": {"action_time": "2023-09-24T04:19:37.831Z", "user": 1, "content_type": 10, "object_id": "40", "object_repr": "otfa1ibd50pwla4jwjkyo21irv4bwy15", "action_flag": 3, "change_message": ""}}, {"model": "admin.logentry", "pk": 178, "fields": {"action_time": "2023-11-04T05:01:57.432Z", "user": 1, "content_type": 13, "object_id": "67", "object_repr": "zyva", "action_flag": 3, "change_message": ""}}, {"model": "admin.logentry", "pk": 179, "fields": {"action_time": "2023-11-04T05:01:57.438Z", "user": 1, "content_type": 13, "object_id": "66", "object_repr": "zyva", "action_flag": 3, "change_message": ""}}, {"model": "admin.logentry", "pk": 180, "fields": {"action_time": "2023-11-04T05:01:57.447Z", "user": 1, "content_type": 13, "object_id": "65", "object_repr": "zyva", "action_flag": 3, "change_message": ""}}, {"model": "admin.logentry", "pk": 181, "fields": {"action_time": "2023-11-04T05:01:57.454Z", "user": 1, "content_type": 13, "object_id": "64", "object_repr": "zyva", "action_flag": 3, "change_message": ""}}, {"model": "admin.logentry", "pk": 182, "fields": {"action_time": "2023-11-04T05:01:57.462Z", "user": 1, "content_type": 13, "object_id": "63", "object_repr": "zyva", "action_flag": 3, "change_message": ""}}, {"model": "admin.logentry", "pk": 183, "fields": {"action_time": "2023-11-04T05:01:57.468Z", "user": 1, "content_type": 13, "object_id": "62", "object_repr": "zyva", "action_flag": 3, "change_message": ""}}, {"model": "admin.logentry", "pk": 184, "fields": {"action_time": "2023-11-04T05:01:57.476Z", "user": 1, "content_type": 13, "object_id": "61", "object_repr": "zyva", "action_flag": 3, "change_message": ""}}, {"model": "admin.logentry", "pk": 185, "fields": {"action_time": "2023-11-04T05:01:57.484Z", "user": 1, "content_type": 13, "object_id": "60", "object_repr": "zyva", "action_flag": 3, "change_message": ""}}, {"model": "admin.logentry", "pk": 186, "fields": {"action_time": "2023-11-04T05:01:57.490Z", "user": 1, "content_type": 13, "object_id": "59", "object_repr": "zyva", "action_flag": 3, "change_message": ""}}, {"model": "admin.logentry", "pk": 187, "fields": {"action_time": "2023-11-04T05:01:57.498Z", "user": 1, "content_type": 13, "object_id": "58", "object_repr": "zyva", "action_flag": 3, "change_message": ""}}, {"model": "admin.logentry", "pk": 188, "fields": {"action_time": "2023-11-04T05:01:57.505Z", "user": 1, "content_type": 13, "object_id": "57", "object_repr": "zyva", "action_flag": 3, "change_message": ""}}, {"model": "admin.logentry", "pk": 189, "fields": {"action_time": "2023-11-04T05:01:57.512Z", "user": 1, "content_type": 13, "object_id": "56", "object_repr": "zyva", "action_flag": 3, "change_message": ""}}, {"model": "admin.logentry", "pk": 190, "fields": {"action_time": "2023-11-04T05:01:57.517Z", "user": 1, "content_type": 13, "object_id": "55", "object_repr": "zyva", "action_flag": 3, "change_message": ""}}, {"model": "admin.logentry", "pk": 191, "fields": {"action_time": "2023-11-04T05:01:57.522Z", "user": 1, "content_type": 13, "object_id": "54", "object_repr": "zyva", "action_flag": 3, "change_message": ""}}, {"model": "admin.logentry", "pk": 192, "fields": {"action_time": "2023-11-04T05:01:57.529Z", "user": 1, "content_type": 13, "object_id": "53", "object_repr": "zyva", "action_flag": 3, "change_message": ""}}, {"model": "admin.logentry", "pk": 193, "fields": {"action_time": "2023-11-04T05:01:57.535Z", "user": 1, "content_type": 13, "object_id": "52", "object_repr": "zyva", "action_flag": 3, "change_message": ""}}, {"model": "admin.logentry", "pk": 194, "fields": {"action_time": "2023-11-04T05:01:57.541Z", "user": 1, "content_type": 13, "object_id": "51", "object_repr": "zyva", "action_flag": 3, "change_message": ""}}, {"model": "admin.logentry", "pk": 195, "fields": {"action_time": "2023-11-04T05:01:57.548Z", "user": 1, "content_type": 13, "object_id": "50", "object_repr": "zyva", "action_flag": 3, "change_message": ""}}, {"model": "admin.logentry", "pk": 196, "fields": {"action_time": "2023-11-04T05:01:57.557Z", "user": 1, "content_type": 13, "object_id": "49", "object_repr": "zyva", "action_flag": 3, "change_message": ""}}, {"model": "admin.logentry", "pk": 197, "fields": {"action_time": "2023-11-04T05:01:57.568Z", "user": 1, "content_type": 13, "object_id": "48", "object_repr": "zyva", "action_flag": 3, "change_message": ""}}, {"model": "admin.logentry", "pk": 198, "fields": {"action_time": "2023-11-04T05:02:14.462Z", "user": 1, "content_type": 13, "object_id": "47", "object_repr": "zyva", "action_flag": 3, "change_message": ""}}, {"model": "admin.logentry", "pk": 199, "fields": {"action_time": "2023-11-04T05:02:14.466Z", "user": 1, "content_type": 13, "object_id": "46", "object_repr": "zyva", "action_flag": 3, "change_message": ""}}, {"model": "admin.logentry", "pk": 200, "fields": {"action_time": "2023-11-04T05:35:27.879Z", "user": 1, "content_type": 13, "object_id": "70", "object_repr": "zyva", "action_flag": 3, "change_message": ""}}, {"model": "admin.logentry", "pk": 201, "fields": {"action_time": "2023-11-04T05:35:27.888Z", "user": 1, "content_type": 13, "object_id": "69", "object_repr": "zyva", "action_flag": 3, "change_message": ""}}, {"model": "admin.logentry", "pk": 202, "fields": {"action_time": "2023-11-04T05:35:27.895Z", "user": 1, "content_type": 13, "object_id": "68", "object_repr": "zyva", "action_flag": 3, "change_message": ""}}, {"model": "admin.logentry", "pk": 203, "fields": {"action_time": "2024-05-04T19:02:50.429Z", "user": 1, "content_type": 11, "object_id": "11", "object_repr": "1 pc for 30", "action_flag": 1, "change_message": "[{\"added\": {}}]"}}, {"model": "admin.logentry", "pk": 204, "fields": {"action_time": "2024-05-04T19:03:03.142Z", "user": 1, "content_type": 11, "object_id": "12", "object_repr": "2 pc for 49", "action_flag": 1, "change_message": "[{\"added\": {}}]"}}, {"model": "admin.logentry", "pk": 205, "fields": {"action_time": "2024-05-11T04:27:51.575Z", "user": 1, "content_type": 11, "object_id": "13", "object_repr": "1 pc 49 AED", "action_flag": 1, "change_message": "[{\"added\": {}}]"}}, {"model": "admin.logentry", "pk": 206, "fields": {"action_time": "2024-05-12T06:55:53.126Z", "user": 1, "content_type": 8, "object_id": "1", "object_repr": "T Shire", "action_flag": 2, "change_message": "[]"}}, {"model": "admin.logentry", "pk": 207, "fields": {"action_time": "2024-05-12T06:57:21.647Z", "user": 1, "content_type": 11, "object_id": "13", "object_repr": "1 pc 49 AED", "action_flag": 2, "change_message": "[]"}}, {"model": "admin.logentry", "pk": 208, "fields": {"action_time": "2024-05-12T07:24:12.402Z", "user": 1, "content_type": 11, "object_id": "14", "object_repr": "Delivery Free - UAE", "action_flag": 1, "change_message": "[{\"added\": {}}]"}}, {"model": "admin.logentry", "pk": 209, "fields": {"action_time": "2024-05-12T08:40:56.249Z", "user": 1, "content_type": 8, "object_id": "4", "object_repr": "jacket", "action_flag": 2, "change_message": "[{\"added\": {\"name\": \"productgallery\", \"object\": \"jacket\"}}, {\"added\": {\"name\": \"productgallery\", \"object\": \"jacket\"}}, {\"added\": {\"name\": \"productgallery\", \"object\": \"jacket\"}}, {\"added\": {\"name\": \"productgallery\", \"object\": \"jacket\"}}, {\"added\": {\"name\": \"productgallery\", \"object\": \"jacket\"}}]"}}, {"model": "admin.logentry", "pk": 210, "fields": {"action_time": "2024-05-12T08:41:19.934Z", "user": 1, "content_type": 8, "object_id": "1", "object_repr": "T Shire", "action_flag": 2, "change_message": "[{\"added\": {\"name\": \"productgallery\", \"object\": \"T Shire\"}}, {\"added\": {\"name\": \"productgallery\", \"object\": \"T Shire\"}}, {\"added\": {\"name\": \"productgallery\", \"object\": \"T Shire\"}}]"}}, {"model": "admin.logentry", "pk": 211, "fields": {"action_time": "2024-05-12T09:49:14.937Z", "user": 1, "content_type": 8, "object_id": "1", "object_repr": "T Shire", "action_flag": 2, "change_message": "[{\"added\": {\"name\": \"productgallery\", \"object\": \"T Shire\"}}]"}}, {"model": "admin.logentry", "pk": 212, "fields": {"action_time": "2024-05-12T09:49:34.982Z", "user": 1, "content_type": 8, "object_id": "1", "object_repr": "T Shire", "action_flag": 2, "change_message": "[{\"added\": {\"name\": \"productgallery\", \"object\": \"T Shire\"}}]"}}, {"model": "admin.logentry", "pk": 213, "fields": {"action_time": "2024-05-12T19:03:13.578Z", "user": 1, "content_type": 17, "object_id": "1", "object_repr": "SiteSettings object (1)", "action_flag": 1, "change_message": "[{\"added\": {}}]"}}, {"model": "admin.logentry", "pk": 214, "fields": {"action_time": "2024-05-13T05:37:12.941Z", "user": 1, "content_type": 17, "object_id": "2", "object_repr": "SiteSettings object (2)", "action_flag": 1, "change_message": "[{\"added\": {}}]"}}, {"model": "auth.permission", "pk": 1, "fields": {"name": "Can add log entry", "content_type": 1, "codename": "add_logentry"}}, {"model": "auth.permission", "pk": 2, "fields": {"name": "Can change log entry", "content_type": 1, "codename": "change_logentry"}}, {"model": "auth.permission", "pk": 3, "fields": {"name": "Can delete log entry", "content_type": 1, "codename": "delete_logentry"}}, {"model": "auth.permission", "pk": 4, "fields": {"name": "Can view log entry", "content_type": 1, "codename": "view_logentry"}}, {"model": "auth.permission", "pk": 5, "fields": {"name": "Can add permission", "content_type": 2, "codename": "add_permission"}}, {"model": "auth.permission", "pk": 6, "fields": {"name": "Can change permission", "content_type": 2, "codename": "change_permission"}}, {"model": "auth.permission", "pk": 7, "fields": {"name": "Can delete permission", "content_type": 2, "codename": "delete_permission"}}, {"model": "auth.permission", "pk": 8, "fields": {"name": "Can view permission", "content_type": 2, "codename": "view_permission"}}, {"model": "auth.permission", "pk": 9, "fields": {"name": "Can add group", "content_type": 3, "codename": "add_group"}}, {"model": "auth.permission", "pk": 10, "fields": {"name": "Can change group", "content_type": 3, "codename": "change_group"}}, {"model": "auth.permission", "pk": 11, "fields": {"name": "Can delete group", "content_type": 3, "codename": "delete_group"}}, {"model": "auth.permission", "pk": 12, "fields": {"name": "Can view group", "content_type": 3, "codename": "view_group"}}, {"model": "auth.permission", "pk": 13, "fields": {"name": "Can add content type", "content_type": 4, "codename": "add_contenttype"}}, {"model": "auth.permission", "pk": 14, "fields": {"name": "Can change content type", "content_type": 4, "codename": "change_contenttype"}}, {"model": "auth.permission", "pk": 15, "fields": {"name": "Can delete content type", "content_type": 4, "codename": "delete_contenttype"}}, {"model": "auth.permission", "pk": 16, "fields": {"name": "Can view content type", "content_type": 4, "codename": "view_contenttype"}}, {"model": "auth.permission", "pk": 17, "fields": {"name": "Can add session", "content_type": 5, "codename": "add_session"}}, {"model": "auth.permission", "pk": 18, "fields": {"name": "Can change session", "content_type": 5, "codename": "change_session"}}, {"model": "auth.permission", "pk": 19, "fields": {"name": "Can delete session", "content_type": 5, "codename": "delete_session"}}, {"model": "auth.permission", "pk": 20, "fields": {"name": "Can view session", "content_type": 5, "codename": "view_session"}}, {"model": "auth.permission", "pk": 21, "fields": {"name": "Can add category", "content_type": 6, "codename": "add_category"}}, {"model": "auth.permission", "pk": 22, "fields": {"name": "Can change category", "content_type": 6, "codename": "change_category"}}, {"model": "auth.permission", "pk": 23, "fields": {"name": "Can delete category", "content_type": 6, "codename": "delete_category"}}, {"model": "auth.permission", "pk": 24, "fields": {"name": "Can view category", "content_type": 6, "codename": "view_category"}}, {"model": "auth.permission", "pk": 25, "fields": {"name": "Can add account", "content_type": 7, "codename": "add_account"}}, {"model": "auth.permission", "pk": 26, "fields": {"name": "Can change account", "content_type": 7, "codename": "change_account"}}, {"model": "auth.permission", "pk": 27, "fields": {"name": "Can delete account", "content_type": 7, "codename": "delete_account"}}, {"model": "auth.permission", "pk": 28, "fields": {"name": "Can view account", "content_type": 7, "codename": "view_account"}}, {"model": "auth.permission", "pk": 29, "fields": {"name": "Can add product", "content_type": 8, "codename": "add_product"}}, {"model": "auth.permission", "pk": 30, "fields": {"name": "Can change product", "content_type": 8, "codename": "change_product"}}, {"model": "auth.permission", "pk": 31, "fields": {"name": "Can delete product", "content_type": 8, "codename": "delete_product"}}, {"model": "auth.permission", "pk": 32, "fields": {"name": "Can view product", "content_type": 8, "codename": "view_product"}}, {"model": "auth.permission", "pk": 33, "fields": {"name": "Can add cart item", "content_type": 9, "codename": "add_cartitem"}}, {"model": "auth.permission", "pk": 34, "fields": {"name": "Can change cart item", "content_type": 9, "codename": "change_cartitem"}}, {"model": "auth.permission", "pk": 35, "fields": {"name": "Can delete cart item", "content_type": 9, "codename": "delete_cartitem"}}, {"model": "auth.permission", "pk": 36, "fields": {"name": "Can view cart item", "content_type": 9, "codename": "view_cartitem"}}, {"model": "auth.permission", "pk": 37, "fields": {"name": "Can add cart", "content_type": 10, "codename": "add_cart"}}, {"model": "auth.permission", "pk": 38, "fields": {"name": "Can change cart", "content_type": 10, "codename": "change_cart"}}, {"model": "auth.permission", "pk": 39, "fields": {"name": "Can delete cart", "content_type": 10, "codename": "delete_cart"}}, {"model": "auth.permission", "pk": 40, "fields": {"name": "Can view cart", "content_type": 10, "codename": "view_cart"}}, {"model": "auth.permission", "pk": 41, "fields": {"name": "Can add variation", "content_type": 11, "codename": "add_variation"}}, {"model": "auth.permission", "pk": 42, "fields": {"name": "Can change variation", "content_type": 11, "codename": "change_variation"}}, {"model": "auth.permission", "pk": 43, "fields": {"name": "Can delete variation", "content_type": 11, "codename": "delete_variation"}}, {"model": "auth.permission", "pk": 44, "fields": {"name": "Can view variation", "content_type": 11, "codename": "view_variation"}}, {"model": "auth.permission", "pk": 45, "fields": {"name": "Can add payment", "content_type": 12, "codename": "add_payment"}}, {"model": "auth.permission", "pk": 46, "fields": {"name": "Can change payment", "content_type": 12, "codename": "change_payment"}}, {"model": "auth.permission", "pk": 47, "fields": {"name": "Can delete payment", "content_type": 12, "codename": "delete_payment"}}, {"model": "auth.permission", "pk": 48, "fields": {"name": "Can view payment", "content_type": 12, "codename": "view_payment"}}, {"model": "auth.permission", "pk": 49, "fields": {"name": "Can add order", "content_type": 13, "codename": "add_order"}}, {"model": "auth.permission", "pk": 50, "fields": {"name": "Can change order", "content_type": 13, "codename": "change_order"}}, {"model": "auth.permission", "pk": 51, "fields": {"name": "Can delete order", "content_type": 13, "codename": "delete_order"}}, {"model": "auth.permission", "pk": 52, "fields": {"name": "Can view order", "content_type": 13, "codename": "view_order"}}, {"model": "auth.permission", "pk": 53, "fields": {"name": "Can add order product", "content_type": 14, "codename": "add_orderproduct"}}, {"model": "auth.permission", "pk": 54, "fields": {"name": "Can change order product", "content_type": 14, "codename": "change_orderproduct"}}, {"model": "auth.permission", "pk": 55, "fields": {"name": "Can delete order product", "content_type": 14, "codename": "delete_orderproduct"}}, {"model": "auth.permission", "pk": 56, "fields": {"name": "Can view order product", "content_type": 14, "codename": "view_orderproduct"}}, {"model": "auth.permission", "pk": 57, "fields": {"name": "Can add product image", "content_type": 15, "codename": "add_productimage"}}, {"model": "auth.permission", "pk": 58, "fields": {"name": "Can change product image", "content_type": 15, "codename": "change_productimage"}}, {"model": "auth.permission", "pk": 59, "fields": {"name": "Can delete product image", "content_type": 15, "codename": "delete_productimage"}}, {"model": "auth.permission", "pk": 60, "fields": {"name": "Can view product image", "content_type": 15, "codename": "view_productimage"}}, {"model": "auth.permission", "pk": 61, "fields": {"name": "Can add productgallery", "content_type": 16, "codename": "add_productgallery"}}, {"model": "auth.permission", "pk": 62, "fields": {"name": "Can change productgallery", "content_type": 16, "codename": "change_productgallery"}}, {"model": "auth.permission", "pk": 63, "fields": {"name": "Can delete productgallery", "content_type": 16, "codename": "delete_productgallery"}}, {"model": "auth.permission", "pk": 64, "fields": {"name": "Can view productgallery", "content_type": 16, "codename": "view_productgallery"}}, {"model": "auth.permission", "pk": 65, "fields": {"name": "Can add site settings", "content_type": 17, "codename": "add_sitesettings"}}, {"model": "auth.permission", "pk": 66, "fields": {"name": "Can change site settings", "content_type": 17, "codename": "change_sitesettings"}}, {"model": "auth.permission", "pk": 67, "fields": {"name": "Can delete site settings", "content_type": 17, "codename": "delete_sitesettings"}}, {"model": "auth.permission", "pk": 68, "fields": {"name": "Can view site settings", "content_type": 17, "codename": "view_sitesettings"}}, {"model": "contenttypes.contenttype", "pk": 1, "fields": {"app_label": "admin", "model": "logentry"}}, {"model": "contenttypes.contenttype", "pk": 2, "fields": {"app_label": "auth", "model": "permission"}}, {"model": "contenttypes.contenttype", "pk": 3, "fields": {"app_label": "auth", "model": "group"}}, {"model": "contenttypes.contenttype", "pk": 4, "fields": {"app_label": "contenttypes", "model": "contenttype"}}, {"model": "contenttypes.contenttype", "pk": 5, "fields": {"app_label": "sessions", "model": "session"}}, {"model": "contenttypes.contenttype", "pk": 6, "fields": {"app_label": "category", "model": "category"}}, {"model": "contenttypes.contenttype", "pk": 7, "fields": {"app_label": "accounts", "model": "account"}}, {"model": "contenttypes.contenttype", "pk": 8, "fields": {"app_label": "store", "model": "product"}}, {"model": "contenttypes.contenttype", "pk": 9, "fields": {"app_label": "carts", "model": "cartitem"}}, {"model": "contenttypes.contenttype", "pk": 10, "fields": {"app_label": "carts", "model": "cart"}}, {"model": "contenttypes.contenttype", "pk": 11, "fields": {"app_label": "store", "model": "variation"}}, {"model": "contenttypes.contenttype", "pk": 12, "fields": {"app_label": "orders", "model": "payment"}}, {"model": "contenttypes.contenttype", "pk": 13, "fields": {"app_label": "orders", "model": "order"}}, {"model": "contenttypes.contenttype", "pk": 14, "fields": {"app_label": "orders", "model": "orderproduct"}}, {"model": "contenttypes.contenttype", "pk": 15, "fields": {"app_label": "store", "model": "productimage"}}, {"model": "contenttypes.contenttype", "pk": 16, "fields": {"app_label": "store", "model": "productgallery"}}, {"model": "contenttypes.contenttype", "pk": 17, "fields": {"app_label": "store", "model": "sitesettings"}}, {"model": "sessions.session", "pk": "0m3dbrwsfm6kwqluuev04j63w3itcmck", "fields": {"session_data": ".eJxVjDsOwjAQBe_iGlk2_lPS5wzW2ruLAyiR4qRC3B0ipYD2zcx7iQzb2vLWackjiovQ4vS7FagPmnaAd5hus6zztC5jkbsiD9rlMCM9r4f7d9Cgt29dKwEQpOgsG03KBA7K2xgt10h09t6iMoy6sEP0EBwnJg2GYwFySbw_CJo5CA:1qrfHn:AqxBHH4_d7gDmEf6wbWSV-ylx8ljKZR-CfsQGtTQMPE", "expire_date": "2023-10-28T14:06:35.295Z"}}, {"model": "sessions.session", "pk": "445vr3y5ww0jf0nbyvg806mjxpaj15hb", "fields": {"session_data": "eyJjYXJ0X2lkIjo4MX0:1s6Zsn:Vl7-59G0ru04Unahj3xsxY9u6kcGsNhwOhf8DwaTkUA", "expire_date": "2024-05-27T17:54:41.761Z"}}, {"model": "sessions.session", "pk": "575cg2op02dqmjjg18ofa4zq91mjy1dl", "fields": {"session_data": "eyJ1aWQiOiIxIn0:1qX2qp:dyDbPLul6xsB87kY_9dEnSCqv5rDzBS_LZ7a9n6rRBw", "expire_date": "2023-09-01T17:01:31.512Z"}}, {"model": "sessions.session", "pk": "57tqs42mmwv9lhhp9dc5058252nzuc50", "fields": {"session_data": ".eJxVjDsOwjAQBe_iGlk2_lPS5wzW2ruLAyiR4qRC3B0ipYD2zcx7iQzb2vLWackjiovQ4vS7FagPmnaAd5hus6zztC5jkbsiD9rlMCM9r4f7d9Cgt29dKwEQpOgsG03KBA7K2xgt10h09t6iMoy6sEP0EBwnJg2GYwFySbw_CJo5CA:1qz8pC:hxCPffujXLWI4Jlqh-xaNFs2mo1VBBFTwvdVaLDu7JU", "expire_date": "2023-11-18T05:03:58.733Z"}}, {"model": "sessions.session", "pk": "63rdxkkaowe6o3e9802s76y7lke0raqn", "fields": {"session_data": ".eJxVjDsOwjAQBe_iGlk2_lPS5wzW2ruLAyiR4qRC3B0ipYD2zcx7iQzb2vLWackjiovQ4vS7FagPmnaAd5hus6zztC5jkbsiD9rlMCM9r4f7d9Cgt29dKwEQpOgsG03KBA7K2xgt10h09t6iMoy6sEP0EBwnJg2GYwFySbw_CJo5CA:1s5eI3:G1IFAFzizcEhz11-m4jexl4W-QFqpS4qOn_fUbxdAA0", "expire_date": "2024-05-25T04:24:55.688Z"}}, {"model": "sessions.session", "pk": "6891qq6bda01m1c2dp0lddyp2ighg9lf", "fields": {"session_data": ".eJxVjDsOwjAQBe_iGlk2_lPS5wzW2ruLAyiR4qRC3B0ipYD2zcx7iQzb2vLWackjiovQ4vS7FagPmnaAd5hus6zztC5jkbsiD9rlMCM9r4f7d9Cgt29dKwEQpOgsG03KBA7K2xgt10h09t6iMoy6sEP0EBwnJg2GYwFySbw_CJo5CA:1s4QKV:VTScJFyVVBeKrMFo_3KQXSWSTss5R3vRyd-WHvlY6mo", "expire_date": "2024-05-21T19:18:23.366Z"}}, {"model": "sessions.session", "pk": "78ov1vkxtpbschbousegntgsiv7m17o1", "fields": {"session_data": ".eJxVjDsOwjAQBe_iGlk2_lPS5wzW2ruLAyiR4qRC3B0ipYD2zcx7iQzb2vLWackjiovQ4vS7FagPmnaAd5hus6zztC5jkbsiD9rlMCM9r4f7d9Cgt29dKwEQpOgsG03KBA7K2xgt10h09t6iMoy6sEP0EBwnJg2GYwFySbw_CJo5CA:1qAO4c:XTRHGYhV9ePn-X-5_jFMPALqwLqofHUY1g60-j34X8Y", "expire_date": "2023-07-01T05:02:06.860Z"}}, {"model": "sessions.session", "pk": "a607k84h6eun8ienzuqcpf1gefaqymqf", "fields": {"session_data": ".eJxVjDsOwjAQBe_iGlk2_lPS5wzW2ruLAyiR4qRC3B0ipYD2zcx7iQzb2vLWackjiovQ4vS7FagPmnaAd5hus6zztC5jkbsiD9rlMCM9r4f7d9Cgt29dKwEQpOgsG03KBA7K2xgt10h09t6iMoy6sEP0EBwnJg2GYwFySbw_CJo5CA:1qCxBI:Y320-Lyxo1NdODyBdRzr21Fctlil1VJMsimxi_mo52U", "expire_date": "2023-07-08T06:55:36.609Z"}}, {"model": "sessions.session", "pk": "ba9fenceb79lzvakpli8ft8n6on0ndjp", "fields": {"session_data": "eyJjYXJ0X2lkIjo4N30:1s6y5p:R_cl0vRVAgV6mnWL_Gpt4SBmv9WhPy3xwWYAJ2FMbPU", "expire_date": "2024-05-28T19:45:45.752Z"}}, {"model": "sessions.session", "pk": "bmes8ap1dt6l5zppu3iyc7cs1nr18ofv", "fields": {"session_data": "eyJjYXJ0X2lkIjo4NH0:1s6xDg:9FtjmZePw6iZgYeKoDz8HHBm4RyxXsqSfcN3oCY_u8U", "expire_date": "2024-05-28T18:49:48.477Z"}}, {"model": "sessions.session", "pk": "ek67538n4dkxodcomaj8r5f7l2906mtd", "fields": {"session_data": ".eJxVjDsOwjAQBe_iGlk2_lPS5wzW2ruLAyiR4qRC3B0ipYD2zcx7iQzb2vLWackjiovQ4vS7FagPmnaAd5hus6zztC5jkbsiD9rlMCM9r4f7d9Cgt29dKwEQpOgsG03KBA7K2xgt10h09t6iMoy6sEP0EBwnJg2GYwFySbw_CJo5CA:1qZm6a:zE3b_CiuEOc8Y-R-OFsLEAVv65o8Sady4ah0ayHyLXc", "expire_date": "2023-09-09T05:45:04.620Z"}}, {"model": "sessions.session", "pk": "fkikg7cgb644cu7jgk2hnse34y8fl7dl", "fields": {"session_data": "e30:1qVBev:j6VMU_r69o9FoKxa1X2_oEEpS4wi4uqbLGdcPE8Anfs", "expire_date": "2023-08-27T14:01:33.113Z"}}, {"model": "sessions.session", "pk": "fojdam4bkw220qq6gmnea7p0mncpabb4", "fields": {"session_data": "eyJjYXJ0X2lkIjo3OX0:1s6E6j:jjaOVLP6GraS3V2wJRg85G8r655ay2teU4oW_xzI0E8", "expire_date": "2024-05-26T18:39:37.913Z"}}, {"model": "sessions.session", "pk": "h9kd2lqas9wnpv6qx8oiygq6v0zqcffg", "fields": {"session_data": ".eJxVjDsOwjAQBe_iGlk2_lPS5wzW2ruLAyiR4qRC3B0ipYD2zcx7iQzb2vLWackjiovQ4vS7FagPmnaAd5hus6zztC5jkbsiD9rlMCM9r4f7d9Cgt29dKwEQpOgsG03KBA7K2xgt10h09t6iMoy6sEP0EBwnJg2GYwFySbw_CJo5CA:1qkGZZ:XyVIr1-e7gzDv351Hww32O3IVkyTznm7qUOvPFDxTig", "expire_date": "2023-10-08T04:18:21.762Z"}}, {"model": "sessions.session", "pk": "hqbqgepzobypxzovrx1xb34lhmst7kn5", "fields": {"session_data": ".eJxVjDsOwjAQBe_iGlkx_lPSc4Zo7d0lAWRLsVMh7g5BadLOzHtvkWHp44zi4v1JjLD2aVwbLX8klDiwBPlJZRP4gHKvMtfSlznJLZG7bfJWkV7XvT0cTNCm3zpnAiCIwRrWigbt2Q_OhGA4B6KzcwYHzagSW0QH3nJkUqA5JCAbxecLySE89g:1s65yk:hNeXZghz97t0AP738cZIUneEj4clFlpLnAkWf2PoVJA", "expire_date": "2024-05-26T09:58:50.750Z"}}, {"model": "sessions.session", "pk": "ii3bx6n7h6x8tg2ufbk60wyydpjzzw7t", "fields": {"session_data": ".eJxVjDsOwjAQBe_iGlk2_lPS5wzW2ruLAyiR4qRC3B0ipYD2zcx7iQzb2vLWackjiovQ4vS7FagPmnaAd5hus6zztC5jkbsiD9rlMCM9r4f7d9Cgt29dKwEQpOgsG03KBA7K2xgt10h09t6iMoy6sEP0EBwnJg2GYwFySbw_CJo5CA:1s3JyW:m_Qa96XrFDbTVXkaSNKfMDq1rJHLHC0VOZon--RsJIU", "expire_date": "2024-05-18T18:19:08.047Z"}}, {"model": "sessions.session", "pk": "iqr8l6zvqvyw19qm5qqfj1rf1c5l10lk", "fields": {"session_data": ".eJxVjDsOwjAQBe_iGlkx_lPSc4Zo7d0lAWRLsVMh7g5BadLOzHtvkWHp44zi4sNJjLD2aVwbLX8klDiwBPlJZRP4gHKvMtfSlznJLZG7bfJWkV7XvT0cTNCm3zpnAiCIwRrWigbt2Q_OhGA4B6KzcwYHzagSW0QH3nJkUqA5JCAbxecLyc089w:1s6EGr:oshF-76-Uy1YkX6ThwN8KF6EMyQ3ar_ffw-G8XxC_b0", "expire_date": "2024-05-26T18:50:05.703Z"}}, {"model": "sessions.session", "pk": "j2y6y82xn9gc4aqyrldjzuoscqigipny", "fields": {"session_data": "eyJjYXJ0X2lkIjo3NX0:1s64Cl:l5RYKJWDrpFN8g2WU9kfeDaPCbH0HietUbbNWYFP-W0", "expire_date": "2024-05-26T08:05:11.121Z"}}, {"model": "sessions.session", "pk": "kelzchd4payopksjm99qksnzm6f6i4kp", "fields": {"session_data": ".eJxVjDsOwjAQBe_iGlk2_lPS5wzW2ruLAyiR4qRC3B0ipYD2zcx7iQzb2vLWackjiovQ4vS7FagPmnaAd5hus6zztC5jkbsiD9rlMCM9r4f7d9Cgt29dKwEQpOgsG03KBA7K2xgt10h09t6iMoy6sEP0EBwnJg2GYwFySbw_CJo5CA:1qhXet:7mxSr0Zod_f29KeKq2tTgyZInBQQe12_VO2SOWXcKiU", "expire_date": "2023-09-30T15:56:35.770Z"}}, {"model": "sessions.session", "pk": "kiiwwei8q7r6j76cmh7nwf5rp0bkmetk", "fields": {"session_data": "e30:1qco1Q:kRgyEuyOq_l-44UzKvl7rdbfCwNfIMvYyzj9eJ47x14", "expire_date": "2023-09-17T14:24:16.331Z"}}, {"model": "sessions.session", "pk": "lpdpcuox0tqz07mlprjpaknsvxxiwjx3", "fields": {"session_data": ".eJxVjDsOwjAQBe_iGlk2_lPS5wzW2ruLAyiR4qRC3B0ipYD2zcx7iQzb2vLWackjiovQ4vS7FagPmnaAd5hus6zztC5jkbsiD9rlMCM9r4f7d9Cgt29dKwEQpOgsG03KBA7K2xgt10h09t6iMoy6sEP0EBwnJg2GYwFySbw_CJo5CA:1qXeIU:cQqiifCIQjxsd9iuRfEHkwejNKM0-co1gj7CrxFTpmQ", "expire_date": "2023-09-03T09:00:34.236Z"}}, {"model": "sessions.session", "pk": "monghlcqri9qjr9b61txbe64btmswuti", "fields": {"session_data": ".eJxVjDsOwjAQBe_iGlk2_lPS5wzW2ruLAyiR4qRC3B0ipYD2zcx7iQzb2vLWackjiovQ4vS7FagPmnaAd5hus6zztC5jkbsiD9rlMCM9r4f7d9Cgt29dKwEQpOgsG03KBA7K2xgt10h09t6iMoy6sEP0EBwnJg2GYwFySbw_CJo5CA:1qa7G2:HvDEVuDSLXbg1p7-wRnwceAs4AokmZmu2Q6s-y7t_4A", "expire_date": "2023-09-10T04:20:14.194Z"}}, {"model": "sessions.session", "pk": "nrq7h0j0q1cpz4yjff1k2tefmzbbcjl9", "fields": {"session_data": "eyJjYXJ0X2lkIjo4Mn0:1s6ae7:jOfF73CFmhP-89mBPVS860wo86qGwrQE_fY83UH0YsA", "expire_date": "2024-05-27T18:43:35.748Z"}}, {"model": "sessions.session", "pk": "phe7ou69d98d7tqew7urjxtgase242rv", "fields": {"session_data": "eyJjYXJ0X2lkIjo4Nn0:1s6xLy:oJo_rAixyukyK_dbM51X1Ug1gCa0HXTuM5arvQbqVTI", "expire_date": "2024-05-28T18:58:22.876Z"}}, {"model": "sessions.session", "pk": "rfmg4cbyadms4deuogrdvq3kmsb2pwwe", "fields": {"session_data": ".eJxVjDsOwjAQBe_iGlk2_lPS5wzW2ruLAyiR4qRC3B0ipYD2zcx7iQzb2vLWackjiovQ4vS7FagPmnaAd5hus6zztC5jkbsiD9rlMCM9r4f7d9Cgt29dKwEQpOgsG03KBA7K2xgt10h09t6iMoy6sEP0EBwnJg2GYwFySbw_CJo5CA:1qTo1R:zf-3ySt0hOq7amAaBkM-_W8s1o6t5ItfwvSNzyjs7xQ", "expire_date": "2023-08-23T18:35:05.213Z"}}, {"model": "sessions.session", "pk": "sqz84tb2t04hjfa6cmu9u6r1hy204fqn", "fields": {"session_data": "eyJjYXJ0X2lkIjo4MH0:1s6EUd:LQsgT82rjT_FbynaLLFRitE69tjYHSThxpi5tGiAz_U", "expire_date": "2024-05-26T19:04:19.174Z"}}, {"model": "sessions.session", "pk": "tra9341nxq7brtry3uptps0lcdfdhizx", "fields": {"session_data": ".eJxVjDsOwjAQBe_iGlk2_lPS5wzW2ruLAyiR4qRC3B0ipYD2zcx7iQzb2vLWackjiovQ4vS7FagPmnaAd5hus6zztC5jkbsiD9rlMCM9r4f7d9Cgt29dKwEQpOgsG03KBA7K2xgt10h09t6iMoy6sEP0EBwnJg2GYwFySbw_CJo5CA:1qjvay:_OnArs4raJovx4LLWw8zBzzN7Vej8TlQFsG18XiWGgE", "expire_date": "2023-10-07T05:54:24.428Z"}}, {"model": "sessions.session", "pk": "ucy2u9zfeuwnit1p38363psdat5x2x5b", "fields": {"session_data": ".eJxVjDsOwjAQBe_iGlk2_lPS5wzW2ruLAyiR4qRC3B0ipYD2zcx7iQzb2vLWackjiovQ4vS7FagPmnaAd5hus6zztC5jkbsiD9rlMCM9r4f7d9Cgt29dKwEQpOgsG03KBA7K2xgt10h09t6iMoy6sEP0EBwnJg2GYwFySbw_CJo5CA:1qkGLd:5IzJCVKDqCD9EPsRROFzgT0tLPUt6ZxPcDvXRpC51BE", "expire_date": "2023-10-08T04:03:57.904Z"}}, {"model": "sessions.session", "pk": "vlb2ot45cchwou3sy004bjoinx9423yr", "fields": {"session_data": "e30:1qNHA7:gyZzCqN_7DRKJTWgoGqF12od_MpHXcL_zOIGIqHQtDg", "expire_date": "2023-08-05T18:17:03.966Z"}}, {"model": "sessions.session", "pk": "wf64r8voesio74x2ro980zprdwrtnf4x", "fields": {"session_data": "e30:1s0xNS:7zqDzUS7rsgaC03H8hueWM-tXgy3KTzPBav0stHijZg", "expire_date": "2024-05-12T05:47:06.429Z"}}, {"model": "sessions.session", "pk": "wst2pmium2d1xahuz7ikax6mld77nfqv", "fields": {"session_data": ".eJxVjDsOwjAQBe_iGlk2_lPS5wzW2ruLAyiR4qRC3B0ipYD2zcx7iQzb2vLWackjiovQ4vS7FagPmnaAd5hus6zztC5jkbsiD9rlMCM9r4f7d9Cgt29dKwEQpOgsG03KBA7K2xgt10h09t6iMoy6sEP0EBwnJg2GYwFySbw_CJo5CA:1qz8q2:ovcDrRB0TKHr8MxF4Hxbed8kI8-_nLuF9nrSrICsdaM", "expire_date": "2023-11-18T05:04:50.041Z"}}, {"model": "sessions.session", "pk": "xml2utz3gd0flu0paceng5g3rpyru006", "fields": {"session_data": "eyJjYXJ0X2lkIjo4M30:1s6x63:5XL0zD75OOhZVYKObg-ZUpvc4bgHqT88Kh3CoujqpoA", "expire_date": "2024-05-28T18:41:55.539Z"}}, {"model": "sessions.session", "pk": "xub4p4ost3ctobtwlw2817cci25g44ju", "fields": {"session_data": "eyJjYXJ0X2lkIjo4NX0:1s6xHD:eiR0Fp7KFm11lO1cgnH6udnMsIed9hk2CEdwwApApio", "expire_date": "2024-05-28T18:53:27.348Z"}}, {"model": "category.category", "pk": 2, "fields": {"category_name": "T Shirt", "slug": "t-shirt", "description": "", "cat_image": "photos/categories/1_JE05ABF.jpg"}}, {"model": "category.category", "pk": 3, "fields": {"category_name": "Shoes", "slug": "shoes", "description": "", "cat_image": "photos/categories/12.jpg"}}, {"model": "category.category", "pk": 4, "fields": {"category_name": "Jeans", "slug": "jeans", "description": "", "cat_image": "photos/categories/12_D5ECjsy.jpg"}}, {"model": "category.category", "pk": 5, "fields": {"category_name": "Jackets", "slug": "jackets", "description": "", "cat_image": "photos/categories/2.jpg"}}, {"model": "category.category", "pk": 6, "fields": {"category_name": "Trouser", "slug": "trouser", "description": "", "cat_image": "photos/categories/1_MSceAtX.jpg"}}, {"model": "category.category", "pk": 7, "fields": {"category_name": "Shirt", "slug": "shirt", "description": "", "cat_image": "photos/categories/1_LwN8JPv.jpg"}}, {"model": "accounts.account", "pk": 1, "fields": {"password": "pbkdf2_sha256$216000$T9VRupRnmA3F$QuBot4jPm+qojBNAUxK+EV8LyHkMCynhTMlCHhb19LI=", "first_name": "zyva", "last_name": "fatima", "username": "zyvafatima", "email": "sadaqat.ali2222@gmail.com", "phone_number": "", "date_joined": "2023-06-17T05:01:54.873Z", "last_login": "2024-05-12T18:50:05.695Z", "is_admin": true, "is_staff": true, "is_active": true, "is_superuser": true}}, {"model": "accounts.account", "pk": 2, "fields": {"password": "pbkdf2_sha256$216000$0fqa0rAdj7uY$Zn/Sv/EfdzLu1fk7zzqv+Hu4Ur23AaIueOhHwCPmJeM=", "first_name": "ali", "last_name": "abbas", "username": "grow", "email": "grow@thedigitalcatch.com", "phone_number": "0987655222", "date_joined": "2023-07-22T08:16:24.035Z", "last_login": "2023-07-22T08:16:24.035Z", "is_admin": false, "is_staff": false, "is_active": false, "is_superuser": false}}, {"model": "accounts.account", "pk": 3, "fields": {"password": "pbkdf2_sha256$216000$21Jqsa2wh8d7$XhuF9HSQ8QAThd+injBNWY9Gy/I4CuTJd6wEZ81zeXA=", "first_name": "ali", "last_name": "abbas", "username": "zyvacottage", "email": "zyvacottage@gmail.com", "phone_number": "198866", "date_joined": "2023-07-22T08:41:31.959Z", "last_login": "2023-07-22T08:41:31.959Z", "is_admin": false, "is_staff": false, "is_active": false, "is_superuser": false}}, {"model": "accounts.account", "pk": 4, "fields": {"password": "pbkdf2_sha256$216000$dsIIUJ1uKOg9$lxDAXWQVSolXs7ZXe1Vm2DzQ+O6izkMiBODM8nS4BN8=", "first_name": "hoorian", "last_name": "fatima", "username": "hoorian", "email": "hoorian@gmail.com", "phone_number": "12345", "date_joined": "2023-07-22T08:47:56.281Z", "last_login": "2023-07-22T08:47:56.281Z", "is_admin": false, "is_staff": false, "is_active": false, "is_superuser": false}}, {"model": "accounts.account", "pk": 6, "fields": {"password": "pbkdf2_sha256$216000$DjDWAZAWCV21$6+36BLC3JyGb7wd5Yl78mA89ypo4EbRUFu5K3/Mjbo4=", "first_name": "hoorian", "last_name": "abbas", "username": "hoorian1122", "email": "hoorian1122@gmail.com", "phone_number": "0987655222", "date_joined": "2023-07-22T09:49:24.666Z", "last_login": "2023-07-22T09:49:24.666Z", "is_admin": false, "is_staff": false, "is_active": false, "is_superuser": false}}, {"model": "accounts.account", "pk": 14, "fields": {"password": "pbkdf2_sha256$216000$rG1zyabh4qp1$/+M7WFCI45wYoxxUibnhh+3yYcinPW0k4yQTGVJvZCo=", "first_name": "hoorian", "last_name": "fatima", "username": "obdmani709", "email": "obdmani709@gmail.com", "phone_number": "0987655222", "date_joined": "2023-07-22T18:15:35.445Z", "last_login": "2023-07-22T18:15:35.445Z", "is_admin": false, "is_staff": false, "is_active": false, "is_superuser": false}}, {"model": "store.product", "pk": 1, "fields": {"product_name": "T Shire", "slug": "t-shire", "description": "Make sure that you have the necessary data available in your view function and that you pass it to the template when rendering. Additionally, confirm that the description attribute is correctly populated with the desired value for the single_product object.", "price": 555, "image": "photos/products/1_LwN8JPv_JD7KbN2.jpg", "stock": 22, "is_available": true, "category": 2, "created_date": "2023-06-17", "modified_date": "2024-05-12"}}, {"model": "store.product", "pk": 2, "fields": {"product_name": "Shoes", "slug": "shoes", "description": "Make sure that you have the necessary data available in your view function and that you pass it to the template when rendering. Additionally, confirm that the description attribute is correctly populated with the desired value for the single_product object.", "price": 33, "image": "photos/products/12_Ky2weLe.jpg", "stock": 0, "is_available": true, "category": 3, "created_date": "2023-06-17", "modified_date": "2023-07-15"}}, {"model": "store.product", "pk": 3, "fields": {"product_name": "ATX Jeans", "slug": "atx-jeans", "description": "Make sure that you have the necessary data available in your view function and that you pass it to the template when rendering. Additionally, confirm that the description attribute is correctly populated with the desired value for the single_product object.", "price": 432, "image": "photos/products/3_KC7n9GF.jpg", "stock": 45, "is_available": true, "category": 4, "created_date": "2023-06-17", "modified_date": "2023-06-18"}}, {"model": "store.product", "pk": 4, "fields": {"product_name": "jacket", "slug": "jacket", "description": "Make sure that you have the necessary data available in your view function and that you pass it to the template when rendering. Additionally, confirm that the description attribute is correctly populated with the desired value for the single_product object.jacket", "price": 65, "image": "photos/products/2_dQIT8ic.jpg", "stock": 6, "is_available": true, "category": 5, "created_date": "2023-06-17", "modified_date": "2024-05-12"}}, {"model": "store.variation", "pk": 1, "fields": {"product": 1, "variation_category": "color", "variation_value": "Red", "is_active": true, "created_date": "2023-07-16T05:33:31.508Z"}}, {"model": "store.variation", "pk": 2, "fields": {"product": 1, "variation_category": "color", "variation_value": "Green", "is_active": true, "created_date": "2023-07-16T05:33:42.625Z"}}, {"model": "store.variation", "pk": 3, "fields": {"product": 1, "variation_category": "color", "variation_value": "Black", "is_active": true, "created_date": "2023-07-16T05:33:52.373Z"}}, {"model": "store.variation", "pk": 4, "fields": {"product": 1, "variation_category": "size", "variation_value": "Small", "is_active": true, "created_date": "2023-07-16T05:34:03.639Z"}}, {"model": "store.variation", "pk": 5, "fields": {"product": 1, "variation_category": "size", "variation_value": "Medium", "is_active": true, "created_date": "2023-07-16T05:34:14.885Z"}}, {"model": "store.variation", "pk": 6, "fields": {"product": 1, "variation_category": "size", "variation_value": "Large", "is_active": true, "created_date": "2023-07-16T05:34:25.374Z"}}, {"model": "store.variation", "pk": 7, "fields": {"product": 2, "variation_category": "color", "variation_value": "Red", "is_active": true, "created_date": "2023-08-19T18:39:22.308Z"}}, {"model": "store.variation", "pk": 8, "fields": {"product": 2, "variation_category": "size", "variation_value": "Small", "is_active": true, "created_date": "2023-08-19T18:39:32.129Z"}}, {"model": "store.variation", "pk": 9, "fields": {"product": 3, "variation_category": "color", "variation_value": "Red", "is_active": true, "created_date": "2023-08-19T18:39:50.831Z"}}, {"model": "store.variation", "pk": 10, "fields": {"product": 3, "variation_category": "size", "variation_value": "Small", "is_active": true, "created_date": "2023-08-19T18:39:58.044Z"}}, {"model": "store.variation", "pk": 11, "fields": {"product": 1, "variation_category": "quantity", "variation_value": "1 pc for 30", "is_active": true, "created_date": "2024-05-04T19:02:50.420Z"}}, {"model": "store.variation", "pk": 12, "fields": {"product": 1, "variation_category": "quantity", "variation_value": "2 pc for 49", "is_active": true, "created_date": "2024-05-04T19:03:03.139Z"}}, {"model": "store.variation", "pk": 13, "fields": {"product": 1, "variation_category": "quantity", "variation_value": "1 pc 49 AED", "is_active": true, "created_date": "2024-05-12T06:57:21.645Z"}}, {"model": "store.variation", "pk": 14, "fields": {"product": 1, "variation_category": "emirates", "variation_value": "Delivery Free - UAE", "is_active": true, "created_date": "2024-05-12T07:24:12.401Z"}}, {"model": "store.productgallery", "pk": 1, "fields": {"product": 4, "image": "photos/products/71D87G8lCL._AC_SX679_.jpg"}}, {"model": "store.productgallery", "pk": 2, "fields": {"product": 4, "image": "photos/products/71elISYkJ6L._AC_SX679_.jpg"}}, {"model": "store.productgallery", "pk": 3, "fields": {"product": 4, "image": "photos/products/71Epf2wXrDL._AC_SX679_.jpg"}}, {"model": "store.productgallery", "pk": 4, "fields": {"product": 4, "image": "photos/products/71lMXk1QVYL._AC_SX679_.jpg"}}, {"model": "store.productgallery", "pk": 5, "fields": {"product": 4, "image": "photos/products/81hhTrIQzL._AC_SX679_.jpg"}}, {"model": "store.productgallery", "pk": 6, "fields": {"product": 1, "image": "photos/products/71D87G8lCL._AC_SX679__nEO4mht.jpg"}}, {"model": "store.productgallery", "pk": 7, "fields": {"product": 1, "image": "photos/products/71lMXk1QVYL._AC_SX679__4LRZAlT.jpg"}}, {"model": "store.productgallery", "pk": 8, "fields": {"product": 1, "image": "photos/products/81JJwJlQQQL._AC_SX679_.jpg"}}, {"model": "store.productgallery", "pk": 9, "fields": {"product": 1, "image": "photos/products/715BeMsvIrL._AC_SX679_.jpg"}}, {"model": "store.productgallery", "pk": 10, "fields": {"product": 1, "image": "photos/products/81hhTrIQzL._AC_SX679__lpxAnLt.jpg"}}, {"model": "store.sitesettings", "pk": 1, "fields": {"logo": "logo_images/logo.png"}}, {"model": "store.sitesettings", "pk": 2, "fields": {"logo": "logo_images/logo_Mdp4sRw.png"}}, {"model": "carts.cart", "pk": 59, "fields": {"cart_id": "ucy2u9zfeuwnit1p38363psdat5x2x5b", "date_added": "2023-09-24"}}, {"model": "carts.cart", "pk": 60, "fields": {"cart_id": "tra9341nxq7brtry3uptps0lcdfdhizx", "date_added": "2023-09-24"}}, {"model": "carts.cart", "pk": 61, "fields": {"cart_id": "aezw2rvwfpch4deraabv4b8a4fn7e8uv", "date_added": "2023-10-14"}}, {"model": "carts.cart", "pk": 62, "fields": {"cart_id": "0m3dbrwsfm6kwqluuev04j63w3itcmck", "date_added": "2023-10-14"}}, {"model": "carts.cart", "pk": 63, "fields": {"cart_id": "48vb3urpjq5h2engsbcomvgehqid6cmp", "date_added": "2023-11-04"}}, {"model": "carts.cart", "pk": 64, "fields": {"cart_id": "b4ftkcn54zwcq3ysj0zn27vsubbqahlz", "date_added": "2023-11-04"}}, {"model": "carts.cart", "pk": 65, "fields": {"cart_id": "smexcftxp7ml07bw96wrp31zn5fr407u", "date_added": "2023-11-04"}}, {"model": "carts.cart", "pk": 66, "fields": {"cart_id": "57tqs42mmwv9lhhp9dc5058252nzuc50", "date_added": "2023-11-04"}}, {"model": "carts.cart", "pk": 67, "fields": {"cart_id": "31wmzesej8c89utwimksthcaxes1doee", "date_added": "2023-11-04"}}, {"model": "carts.cart", "pk": 68, "fields": {"cart_id": "wst2pmium2d1xahuz7ikax6mld77nfqv", "date_added": "2023-11-04"}}, {"model": "carts.cart", "pk": 69, "fields": {"cart_id": "wf64r8voesio74x2ro980zprdwrtnf4x", "date_added": "2024-04-28"}}, {"model": "carts.cart", "pk": 70, "fields": {"cart_id": "ii3bx6n7h6x8tg2ufbk60wyydpjzzw7t", "date_added": "2024-05-04"}}, {"model": "carts.cart", "pk": 71, "fields": {"cart_id": "", "date_added": "2024-05-12"}}, {"model": "carts.cart", "pk": 72, "fields": {"cart_id": "", "date_added": "2024-05-12"}}, {"model": "carts.cart", "pk": 73, "fields": {"cart_id": "", "date_added": "2024-05-12"}}, {"model": "carts.cart", "pk": 74, "fields": {"cart_id": "", "date_added": "2024-05-12"}}, {"model": "carts.cart", "pk": 75, "fields": {"cart_id": "", "date_added": "2024-05-12"}}, {"model": "carts.cart", "pk": 76, "fields": {"cart_id": "", "date_added": "2024-05-12"}}, {"model": "carts.cart", "pk": 77, "fields": {"cart_id": "", "date_added": "2024-05-12"}}, {"model": "carts.cart", "pk": 78, "fields": {"cart_id": "", "date_added": "2024-05-12"}}, {"model": "carts.cart", "pk": 79, "fields": {"cart_id": "", "date_added": "2024-05-12"}}, {"model": "carts.cart", "pk": 80, "fields": {"cart_id": "", "date_added": "2024-05-12"}}, {"model": "carts.cart", "pk": 81, "fields": {"cart_id": "", "date_added": "2024-05-13"}}, {"model": "carts.cart", "pk": 82, "fields": {"cart_id": "", "date_added": "2024-05-13"}}, {"model": "carts.cart", "pk": 83, "fields": {"cart_id": "", "date_added": "2024-05-14"}}, {"model": "carts.cart", "pk": 84, "fields": {"cart_id": "", "date_added": "2024-05-14"}}, {"model": "carts.cart", "pk": 85, "fields": {"cart_id": "", "date_added": "2024-05-14"}}, {"model": "carts.cart", "pk": 86, "fields": {"cart_id": "", "date_added": "2024-05-14"}}, {"model": "carts.cart", "pk": 87, "fields": {"cart_id": "", "date_added": "2024-05-14"}}, {"model": "carts.cartitem", "pk": 135, "fields": {"user": null, "product": 1, "cart": 61, "quantity": 1, "is_active": true, "variations": [1, 4]}}, {"model": "carts.cartitem", "pk": 144, "fields": {"user": null, "product": 1, "cart": 63, "quantity": 1, "is_active": true, "variations": [2, 4]}}, {"model": "carts.cartitem", "pk": 148, "fields": {"user": null, "product": 3, "cart": 65, "quantity": 1, "is_active": true, "variations": [9, 10]}}, {"model": "carts.cartitem", "pk": 150, "fields": {"user": null, "product": 3, "cart": 67, "quantity": 1, "is_active": true, "variations": [9, 10]}}, {"model": "carts.cartitem", "pk": 157, "fields": {"user": null, "product": 3, "cart": 69, "quantity": 1, "is_active": true, "variations": [9, 10]}}, {"model": "orders.order", "pk": 71, "fields": {"first_name": "ali", "last_name": "abbas", "phone": "0586495342", "city": "dubai", "address_line_1": "Al barsha dubai", "quantity": null, "created_at": "2023-11-04T05:35:53.559Z"}}, {"model": "orders.order", "pk": 72, "fields": {"first_name": "ali", "last_name": "abbas", "phone": "0586495342", "city": "dubai", "address_line_1": "Al barsha dubai", "quantity": null, "created_at": "2023-11-04T05:40:37.901Z"}}, {"model": "orders.order", "pk": 73, "fields": {"first_name": "ali", "last_name": "abbas", "phone": "0586495342", "city": "dubai", "address_line_1": "Al barsha dubai", "quantity": null, "created_at": "2023-11-04T05:43:13.099Z"}}, {"model": "orders.order", "pk": 74, "fields": {"first_name": "ali", "last_name": "Affan", "phone": "0586495342", "city": "Dubai", "address_line_1": "Al barsha dubai", "quantity": null, "created_at": "2023-11-04T05:46:36.082Z"}}, {"model": "orders.order", "pk": 75, "fields": {"first_name": "ali", "last_name": "abbas", "phone": "0586495342", "city": "dubai", "address_line_1": "Al barsha dubai", "quantity": null, "created_at": "2023-11-04T05:47:11.801Z"}}, {"model": "orders.order", "pk": 76, "fields": {"first_name": "ali", "last_name": "Affan", "phone": "0586495342", "city": "Dubai", "address_line_1": "Al barsha dubai", "quantity": null, "created_at": "2023-11-04T06:39:09.270Z"}}, {"model": "orders.order", "pk": 77, "fields": {"first_name": null, "last_name": null, "phone": "586495343", "city": null, "address_line_1": "Dubai Al barsha", "quantity": "2 pc for 49", "created_at": "2024-05-12T07:42:29.736Z"}}, {"model": "orders.order", "pk": 78, "fields": {"first_name": null, "last_name": null, "phone": "586495343", "city": null, "address_line_1": "Dubai Al barsha", "quantity": "2 pc for 49", "created_at": "2024-05-12T07:43:31.364Z"}}, {"model": "orders.order", "pk": 79, "fields": {"first_name": null, "last_name": null, "phone": "586495343", "city": null, "address_line_1": "Dubai Al barsha", "quantity": "2 pc for 49", "created_at": "2024-05-12T07:43:57.670Z"}}, {"model": "orders.order", "pk": 80, "fields": {"first_name": null, "last_name": null, "phone": "586495343", "city": null, "address_line_1": "Dubai Al barsha", "quantity": "2 pc for 49", "created_at": "2024-05-12T07:48:02.997Z"}}, {"model": "orders.order", "pk": 81, "fields": {"first_name": null, "last_name": null, "phone": "586495343", "city": null, "address_line_1": "Dubai Al barsha", "quantity": "2 pc for 49", "created_at": "2024-05-12T07:53:46.717Z"}}, {"model": "orders.order", "pk": 82, "fields": {"first_name": null, "last_name": null, "phone": "586495343", "city": null, "address_line_1": "Dubai Al barsha", "quantity": "2 pc for 49", "created_at": "2024-05-12T07:54:36.073Z"}}, {"model": "orders.order", "pk": 83, "fields": {"first_name": null, "last_name": null, "phone": "586495328", "city": "Abu Dhabi", "address_line_1": "Dubai, Al barsha, UAE", "quantity": "1 pc for 30", "created_at": "2024-05-12T08:01:27.637Z"}}, {"model": "orders.order", "pk": 84, "fields": {"first_name": null, "last_name": null, "phone": "586594637", "city": "Ajman", "address_line_1": "Ajman, center", "quantity": "1 pc 49 aed", "created_at": "2024-05-12T08:03:51.128Z"}}, {"model": "orders.order", "pk": 85, "fields": {"first_name": null, "last_name": null, "phone": "58649454", "city": "Sharjah", "address_line_1": "Sharjha, Rolla, UAE", "quantity": "1 pc for 30", "created_at": "2024-05-12T08:05:41.122Z"}}, {"model": "orders.order", "pk": 86, "fields": {"first_name": null, "last_name": null, "phone": "596485647", "city": "Umm Al-Quwain", "address_line_1": "Umma al quwain ", "quantity": "1 pc for 30", "created_at": "2024-05-12T08:06:59.091Z"}}, {"model": "orders.order", "pk": 87, "fields": {"first_name": "Sadaqat ali", "last_name": null, "phone": "587564367", "city": "Dubai", "address_line_1": "Dubai, Al barsha", "quantity": "2 pc for 49", "created_at": "2024-05-12T08:11:31.201Z"}}